{"type":"FeatureCollection","crs":{"type":"name","properties":{"name":"EPSG:4326"}},"features":[{"type":"Feature","geometry":{"type":"Polygon","coordinates":[[[-121.54012,38.670734],[-121.540088,38.674624],[-121.5401,38.679772],[-121.540089,38.684902],[-121.540086,38.685367],[-121.53239,38.68538],[-121.531548,38.68538],[-121.531557,38.684794],[-121.531608,38.682794],[-121.531618,38.682422],[-121.531639,38.680784],[-121.531672,38.680079],[-121.531753,38.679477],[-121.531896,38.678821],[-121.531842,38.678477],[-121.531748,38.678088],[-121.53137,38.677162],[-121.531233,38.676811],[-121.531117,38.676455],[-121.530952,38.676022],[-121.530726,38.675447],[-121.530636,38.675173],[-121.530506,38.674899],[-121.530312,38.674565],[-121.530008,38.67424],[-121.529831,38.674051],[-121.529971,38.673964],[-121.530168,38.67368],[-121.530436,38.673277],[-121.530563,38.673015],[-121.530663,38.672753],[-121.53075,38.672359],[-121.530753,38.671867],[-121.530496,38.670537],[-121.536041,38.67065],[-121.539517,38.670731],[-121.54012,38.670734]]]},"properties":{"NAME":"Natomas Creek"}},{"type":"Feature","geometry":{"type":"Polygon","coordinates":[[[-121.493461,38.677334],[-121.494579,38.67733],[-121.495084,38.677292],[-121.495485,38.677213],[-121.49603,38.677012],[-121.496309,38.676851],[-121.496854,38.676509],[-121.498248,38.675923],[-121.498791,38.67565],[-121.499521,38.675271],[-121.501712,38.674134],[-121.503203,38.673361],[-121.503433,38.673221],[-121.503603,38.673091],[-121.503839,38.672842],[-121.504015,38.672557],[-121.504118,38.672245],[-121.504144,38.671987],[-121.504144,38.671411],[-121.504146,38.670798],[-121.50472,38.670799],[-121.505405,38.670802],[-121.506097,38.6708],[-121.507425,38.670803],[-121.507472,38.672448],[-121.507487,38.674122],[-121.507502,38.675809],[-121.507524,38.676976],[-121.507534,38.677474],[-121.507548,38.679194],[-121.507568,38.680868],[-121.507583,38.682546],[-121.507609,38.684197],[-121.507635,38.685184],[-121.498621,38.685186],[-121.496943,38.685196],[-121.493514,38.685194],[-121.493517,38.685085],[-121.493512,38.684434],[-121.4935,38.682673],[-121.493497,38.682302],[-121.493467,38.678115],[-121.493466,38.677958],[-121.493461,38.677334]]]},"properties":{"NAME":"Regency Park"}},{"type":"Feature","geometry":{"type":"Polygon","coordinates":[[[-121.493413,38.670722],[-121.496929,38.670743],[-121.504146,38.670798],[-121.504144,38.671411],[-121.504144,38.671987],[-121.504118,38.672245],[-121.504015,38.672557],[-121.503839,38.672842],[-121.503603,38.673091],[-121.503433,38.673221],[-121.503203,38.673361],[-121.501712,38.674134],[-121.499521,38.675271],[-121.498791,38.67565],[-121.498248,38.675923],[-121.496854,38.676509],[-121.496309,38.676851],[-121.49603,38.677012],[-121.495485,38.677213],[-121.495084,38.677292],[-121.494579,38.67733],[-121.493461,38.677334],[-121.493458,38.676839],[-121.493454,38.676292],[-121.493441,38.67447],[-121.493424,38.672175],[-121.493415,38.670834],[-121.493413,38.670722]]]},"properties":{"NAME":"Village 12"}},{"type":"Feature","geometry":{"type":"Polygon","coordinates":[[[-121.477677,38.663061],[-121.478792,38.662856],[-121.481063,38.662831],[-121.483334,38.662807],[-121.484522,38.662916],[-121.484535,38.662917],[-121.484444,38.663161],[-121.484173,38.663788],[-121.484157,38.665952],[-121.484136,38.668906],[-121.484128,38.669967],[-121.484151,38.67297],[-121.484098,38.674052],[-121.479704,38.672112],[-121.479393,38.671971],[-121.479039,38.671725],[-121.478774,38.671409],[-121.478553,38.671164],[-121.478466,38.67085],[-121.478336,38.670325],[-121.478161,38.66994],[-121.477738,38.666831],[-121.477677,38.663061]]]},"properties":{"NAME":"Valleyview Acres"}},{"type":"Feature","geometry":{"type":"Polygon","coordinates":[[[-121.524089,38.670514],[-121.524061,38.669992],[-121.524048,38.66947],[-121.524036,38.669011],[-121.524024,38.66839],[-121.524059,38.667918],[-121.524109,38.667496],[-121.524256,38.666963],[-121.524417,38.666464],[-121.524794,38.666469],[-121.525424,38.666453],[-121.525374,38.665762],[-121.525321,38.665569],[-121.525249,38.665307],[-121.525213,38.665031],[-121.525255,38.664674],[-121.525375,38.664323],[-121.525443,38.664084],[-121.525491,38.663752],[-121.525486,38.663445],[-121.525454,38.663227],[-121.525375,38.662915],[-121.525293,38.662737],[-121.525104,38.662402],[-121.524858,38.662091],[-121.524573,38.661825],[-121.524247,38.66156],[-121.522167,38.660434],[-121.521816,38.660109],[-121.521953,38.659791],[-121.522051,38.659444],[-121.522102,38.65909],[-121.522016,38.658202],[-121.521994,38.655896],[-121.525488,38.655856],[-121.528666,38.655831],[-121.533365,38.655747],[-121.534801,38.658887],[-121.537943,38.664232],[-121.540848,38.669308],[-121.540123,38.669187],[-121.54012,38.670734],[-121.539517,38.670731],[-121.536041,38.67065],[-121.530496,38.670537],[-121.529836,38.670543],[-121.529722,38.670548],[-121.529073,38.670602],[-121.528941,38.670622],[-121.528369,38.670731],[-121.527162,38.671249],[-121.525833,38.671825],[-121.524944,38.672249],[-121.524721,38.672358],[-121.524596,38.672407],[-121.52413,38.672548],[-121.523641,38.672663],[-121.523586,38.67253],[-121.523581,38.67252],[-121.523453,38.672168],[-121.523409,38.672056],[-121.523389,38.67201],[-121.523378,38.671986],[-121.523285,38.671775],[-121.52328,38.671766],[-121.523252,38.671705],[-121.523246,38.671691],[-121.523253,38.67169],[-121.523432,38.671636],[-121.523468,38.671625],[-121.523591,38.671588],[-121.523664,38.671566],[-121.523751,38.67154],[-121.523885,38.67152],[-121.523919,38.671515],[-121.524086,38.67149],[-121.524276,38.671461],[-121.524165,38.671085],[-121.524135,38.670861],[-121.524089,38.670514]]]},"properties":{"NAME":"Creekside"}},{"type":"Feature","geometry":{"type":"Polygon","coordinates":[[[-121.540848,38.669308],[-121.540848,38.669308],[-121.537943,38.664232],[-121.534801,38.658887],[-121.533365,38.655747],[-121.536835,38.655774],[-121.54274,38.655727],[-121.550614,38.655621],[-121.550593,38.658766],[-121.550622,38.661125],[-121.550063,38.661141],[-121.550022,38.664017],[-121.549988,38.669357],[-121.549979,38.670839],[-121.547344,38.67039],[-121.540848,38.669308]]]},"properties":{"NAME":"Westlake"}},{"type":"Feature","geometry":{"type":"Polygon","coordinates":[[[-121.466133,38.658844],[-121.46625,38.658803],[-121.467965,38.658208],[-121.469221,38.657779],[-121.470337,38.657399],[-121.470594,38.657311],[-121.471072,38.657207],[-121.472128,38.657175],[-121.474037,38.65721],[-121.474098,38.657136],[-121.474362,38.65723],[-121.474766,38.657512],[-121.477143,38.669971],[-121.466048,38.66984],[-121.466061,38.669451],[-121.466133,38.658844]]]},"properties":{"NAME":"Hansen Park Golf Course Site"}},{"type":"Feature","geometry":{"type":"Polygon","coordinates":[[[-121.466061,38.669451],[-121.438377,38.66922],[-121.438424,38.668072],[-121.438427,38.651738],[-121.434773,38.647395],[-121.433706,38.646126],[-121.433766,38.643258],[-121.435036,38.643215],[-121.438208,38.642816],[-121.44687,38.641379],[-121.44748,38.641345],[-121.448598,38.641281],[-121.450543,38.64117],[-121.456889,38.641272],[-121.456935,38.647689],[-121.456973,38.654949],[-121.456913,38.660346],[-121.456919,38.662157],[-121.457782,38.662165],[-121.457967,38.662132],[-121.45825,38.662082],[-121.458709,38.661907],[-121.459364,38.661553],[-121.460376,38.660982],[-121.461711,38.660442],[-121.464178,38.659509],[-121.466133,38.658844],[-121.466061,38.669451]]]},"properties":{"NAME":"Robla"}},{"type":"Feature","geometry":{"type":"Polygon","coordinates":[[[-121.415315,38.64727],[-121.415306,38.646478],[-121.418771,38.646496],[-121.418788,38.643598],[-121.419921,38.643623],[-121.419928,38.647232],[-121.423663,38.647313],[-121.423252,38.642933],[-121.426623,38.645746],[-121.426997,38.646057],[-121.427364,38.645822],[-121.427386,38.646003],[-121.429138,38.646019],[-121.429137,38.646131],[-121.43017,38.646142],[-121.430166,38.647357],[-121.434773,38.647395],[-121.438427,38.651738],[-121.438424,38.668072],[-121.438377,38.66922],[-121.43019,38.669124],[-121.417609,38.668989],[-121.415306,38.668947],[-121.415292,38.659346],[-121.415293,38.658281],[-121.415487,38.658279],[-121.415769,38.658258],[-121.416062,38.65836],[-121.416652,38.659164],[-121.416935,38.65955],[-121.417133,38.659819],[-121.417149,38.659841],[-121.41716,38.659856],[-121.417169,38.659866],[-121.41725,38.659962],[-121.417554,38.660071],[-121.417878,38.660076],[-121.418439,38.660085],[-121.41893,38.660084],[-121.419601,38.66008],[-121.41986,38.660008],[-121.420131,38.659803],[-121.420426,38.659381],[-121.420565,38.659184],[-121.42073,38.658957],[-121.420967,38.658632],[-121.421113,38.658412],[-121.421282,38.6583],[-121.421861,38.658151],[-121.422225,38.658155],[-121.422226,38.657331],[-121.421648,38.657324],[-121.421651,38.652645],[-121.422225,38.652646],[-121.422221,38.651818],[-121.423809,38.651837],[-121.423726,38.650926],[-121.419916,38.650897],[-121.419907,38.649963],[-121.417595,38.649939],[-121.417613,38.647295],[-121.415315,38.64727]]]},"properties":{"NAME":"Raley Industrial Park"}},{"type":"Feature","geometry":{"type":"Polygon","coordinates":[[[-121.476272,38.656565],[-121.476405,38.656557],[-121.477657,38.656543],[-121.479944,38.656517],[-121.48221,38.656488],[-121.483756,38.656339],[-121.484093,38.656357],[-121.485332,38.660383],[-121.485382,38.660632],[-121.48539,38.660806],[-121.485373,38.660978],[-121.485335,38.661149],[-121.485272,38.661315],[-121.484581,38.662789],[-121.484522,38.662916],[-121.483334,38.662807],[-121.481063,38.662831],[-121.478792,38.662856],[-121.477677,38.663061],[-121.47755,38.663076],[-121.476885,38.659773],[-121.476272,38.656565]]]},"properties":{"NAME":"Village 14"}},{"type":"Feature","geometry":{"type":"Polygon","coordinates":[[[-121.524417,38.666464],[-121.524014,38.666453],[-121.523007,38.666318],[-121.522531,38.666214],[-121.52136,38.666039],[-121.520807,38.66596],[-121.52033,38.665941],[-121.519919,38.665948],[-121.519299,38.666047],[-121.518626,38.666155],[-121.518137,38.666255],[-121.517616,38.666304],[-121.517258,38.666337],[-121.516704,38.666317],[-121.515978,38.666255],[-121.515502,38.666151],[-121.514559,38.665951],[-121.513465,38.665725],[-121.512978,38.665647],[-121.51211,38.665635],[-121.511167,38.665622],[-121.510201,38.665618],[-121.509518,38.665607],[-121.509062,38.665545],[-121.508607,38.665458],[-121.508009,38.665318],[-121.507363,38.665156],[-121.507346,38.664111],[-121.507304,38.660367],[-121.507265,38.659516],[-121.507176,38.656136],[-121.507094,38.656078],[-121.5073,38.656065],[-121.507958,38.656108],[-121.509046,38.65614],[-121.510463,38.656133],[-121.512183,38.65604],[-121.512023,38.653339],[-121.511938,38.652637],[-121.511763,38.652005],[-121.511409,38.651512],[-121.510877,38.650878],[-121.510343,38.650385],[-121.509721,38.649751],[-121.509368,38.649118],[-121.509105,38.648345],[-121.509003,38.646889],[-121.510278,38.646877],[-121.511218,38.646758],[-121.5118,38.64662],[-121.512317,38.646412],[-121.512899,38.646204],[-121.513551,38.645786],[-121.514248,38.645245],[-121.514856,38.644634],[-121.515373,38.644162],[-121.516069,38.643744],[-121.516899,38.643397],[-121.517908,38.643103],[-121.518736,38.643019],[-121.519474,38.643004],[-121.520391,38.642973],[-121.526161,38.642971],[-121.531883,38.653702],[-121.533365,38.655747],[-121.528666,38.655831],[-121.525488,38.655856],[-121.521994,38.655896],[-121.522016,38.658202],[-121.522102,38.65909],[-121.522051,38.659444],[-121.521953,38.659791],[-121.521816,38.660109],[-121.522167,38.660434],[-121.524247,38.66156],[-121.524573,38.661825],[-121.524858,38.662091],[-121.525104,38.662402],[-121.525293,38.662737],[-121.525375,38.662915],[-121.525454,38.663227],[-121.525486,38.663445],[-121.525491,38.663752],[-121.525443,38.664084],[-121.525375,38.664323],[-121.525255,38.664674],[-121.525213,38.665031],[-121.525249,38.665307],[-121.525321,38.665569],[-121.525374,38.665762],[-121.525424,38.666453],[-121.524794,38.666469],[-121.524417,38.666464]]]},"properties":{"NAME":"RP - Sports Complex"}},{"type":"Feature","geometry":{"type":"Polygon","coordinates":[[[-121.46612,38.655214],[-121.466133,38.658844],[-121.464178,38.659509],[-121.461711,38.660442],[-121.460376,38.660982],[-121.459364,38.661553],[-121.458709,38.661907],[-121.45825,38.662082],[-121.457967,38.662132],[-121.457782,38.662165],[-121.456919,38.662157],[-121.456913,38.660346],[-121.456973,38.654949],[-121.465405,38.655018],[-121.46612,38.655214]]]},"properties":{"NAME":"Northpointe"}},{"type":"Feature","geometry":{"type":"Polygon","coordinates":[[[-121.474766,38.657512],[-121.474362,38.65723],[-121.474098,38.657136],[-121.474037,38.65721],[-121.472128,38.657175],[-121.471072,38.657207],[-121.470594,38.657311],[-121.470337,38.657399],[-121.469221,38.657779],[-121.467965,38.658208],[-121.46625,38.658803],[-121.466133,38.658844],[-121.46612,38.655214],[-121.466154,38.653232],[-121.469453,38.653267],[-121.469455,38.649824],[-121.468826,38.649299],[-121.468829,38.646248],[-121.467901,38.646357],[-121.467965,38.645929],[-121.468215,38.645592],[-121.468309,38.645463],[-121.468324,38.645193],[-121.46794,38.645158],[-121.467492,38.645028],[-121.467009,38.644994],[-121.464906,38.644938],[-121.464939,38.64159],[-121.468296,38.641694],[-121.471703,38.641408],[-121.473805,38.652513],[-121.474368,38.655375],[-121.474766,38.657512]]]},"properties":{"NAME":"Pell/Main Industrial Park"}},{"type":"Feature","geometry":{"type":"Polygon","coordinates":[[[-121.493243,38.656336],[-121.493206,38.656085],[-121.493217,38.654173],[-121.493245,38.649322],[-121.496709,38.649343],[-121.506908,38.649324],[-121.506924,38.6469],[-121.509003,38.646889],[-121.509105,38.648345],[-121.509368,38.649118],[-121.509721,38.649751],[-121.510343,38.650385],[-121.510877,38.650878],[-121.511409,38.651512],[-121.511763,38.652005],[-121.511938,38.652637],[-121.512023,38.653339],[-121.512183,38.65604],[-121.510463,38.656133],[-121.509046,38.65614],[-121.507958,38.656108],[-121.5073,38.656065],[-121.507094,38.656078],[-121.50654,38.656116],[-121.50571,38.656166],[-121.504845,38.656203],[-121.503289,38.656237],[-121.500869,38.656254],[-121.500506,38.656253],[-121.495174,38.656318],[-121.493549,38.656351],[-121.493288,38.656335],[-121.493243,38.656336]]]},"properties":{"NAME":"Village 5"}},{"type":"Feature","geometry":{"type":"Polygon","coordinates":[[[-121.550614,38.655621],[-121.54274,38.655727],[-121.536835,38.655774],[-121.533365,38.655747],[-121.531883,38.653702],[-121.526161,38.642971],[-121.543399,38.643023],[-121.544919,38.643528],[-121.545882,38.643269],[-121.546289,38.642552],[-121.548187,38.642962],[-121.548679,38.643052],[-121.549848,38.642031],[-121.550743,38.642069],[-121.552616,38.642936],[-121.553609,38.645097],[-121.555159,38.647524],[-121.555287,38.648471],[-121.557693,38.653646],[-121.558844,38.655588],[-121.56005,38.655961],[-121.560786,38.656315],[-121.559488,38.656327],[-121.558349,38.656025],[-121.557792,38.655672],[-121.550614,38.655621]]]},"properties":{"NAME":"Sundance Lake"}},{"type":"Feature","geometry":{"type":"Polygon","coordinates":[[[-121.456973,38.654949],[-121.456935,38.647689],[-121.456889,38.641272],[-121.461508,38.6415],[-121.464642,38.641582],[-121.464939,38.64159],[-121.464906,38.644938],[-121.467009,38.644994],[-121.467492,38.645028],[-121.46794,38.645158],[-121.468324,38.645193],[-121.468309,38.645463],[-121.468215,38.645592],[-121.467965,38.645929],[-121.467901,38.646357],[-121.468829,38.646248],[-121.468826,38.649299],[-121.469455,38.649824],[-121.469453,38.653267],[-121.466154,38.653232],[-121.46612,38.655214],[-121.465405,38.655018],[-121.456973,38.654949]]]},"properties":{"NAME":"Glenwood Meadows"}},{"type":"Feature","geometry":{"type":"Polygon","coordinates":[[[-121.429138,38.646019],[-121.429153,38.643038],[-121.433766,38.643258],[-121.433706,38.646126],[-121.434773,38.647395],[-121.430166,38.647357],[-121.43017,38.646142],[-121.429137,38.646131],[-121.429138,38.646019]]]},"properties":{"NAME":"Youngs Heights"}},{"type":"Feature","geometry":{"type":"Polygon","coordinates":[[[-121.419928,38.647232],[-121.419921,38.643623],[-121.41994,38.641922],[-121.421576,38.641943],[-121.421578,38.63975],[-121.423877,38.640981],[-121.423133,38.641539],[-121.423252,38.642933],[-121.423663,38.647313],[-121.419928,38.647232]]]},"properties":{"NAME":"Village Green"}},{"type":"Feature","geometry":{"type":"Polygon","coordinates":[[[-121.406279,38.638318],[-121.406866,38.637622],[-121.411899,38.632647],[-121.419175,38.632733],[-121.425515,38.632796],[-121.429375,38.632871],[-121.430614,38.63292],[-121.429219,38.638926],[-121.429153,38.643038],[-121.42701,38.642249],[-121.423877,38.640981],[-121.421578,38.63975],[-121.421576,38.641943],[-121.41994,38.641922],[-121.419921,38.643623],[-121.418788,38.643598],[-121.418771,38.646496],[-121.415306,38.646478],[-121.415315,38.64727],[-121.410702,38.647218],[-121.41068,38.639895],[-121.405781,38.639821],[-121.405776,38.638921],[-121.406279,38.638318]]]},"properties":{"NAME":"East Del Paso Heights"}},{"type":"Feature","geometry":{"type":"Polygon","coordinates":[[[-121.500327,38.633917],[-121.50872,38.629489],[-121.512563,38.6275],[-121.517184,38.624997],[-121.518565,38.628171],[-121.520464,38.632222],[-121.523311,38.637715],[-121.526161,38.642971],[-121.520391,38.642973],[-121.519474,38.643004],[-121.518736,38.643019],[-121.517908,38.643103],[-121.516899,38.643397],[-121.516069,38.643744],[-121.515373,38.644162],[-121.514856,38.644634],[-121.514248,38.645245],[-121.513551,38.645786],[-121.512899,38.646204],[-121.512317,38.646412],[-121.5118,38.64662],[-121.511218,38.646758],[-121.510278,38.646877],[-121.509003,38.646889],[-121.508963,38.6461],[-121.508938,38.643284],[-121.508921,38.6426],[-121.50877,38.641775],[-121.508682,38.641529],[-121.508241,38.640668],[-121.507864,38.640193],[-121.507554,38.639771],[-121.507287,38.639524],[-121.50682,38.639119],[-121.506152,38.63873],[-121.505238,38.638217],[-121.504727,38.637943],[-121.503946,38.637536],[-121.503279,38.63706],[-121.50279,38.636637],[-121.501281,38.634982],[-121.500327,38.633917]]]},"properties":{"NAME":"Natomas Crossing"}},{"type":"Feature","geometry":{"type":"Polygon","coordinates":[[[-121.423252,38.642933],[-121.423133,38.641539],[-121.423877,38.640981],[-121.42701,38.642249],[-121.429153,38.643038],[-121.429138,38.646019],[-121.427386,38.646003],[-121.427364,38.645822],[-121.426997,38.646057],[-121.426623,38.645746],[-121.423252,38.642933]]]},"properties":{"NAME":"Parker Homes"}},{"type":"Feature","geometry":{"type":"Polygon","coordinates":[[[-121.415548,38.624819],[-121.416932,38.62428],[-121.417865,38.623906],[-121.418791,38.623313],[-121.419003,38.623123],[-121.419124,38.622947],[-121.419367,38.622631],[-121.419509,38.622248],[-121.419908,38.623705],[-121.419852,38.625347],[-121.411899,38.632647],[-121.406866,38.637622],[-121.406279,38.638318],[-121.40384,38.640394],[-121.403098,38.640387],[-121.402497,38.640606],[-121.389561,38.64339],[-121.388023,38.643646],[-121.386528,38.643353],[-121.384902,38.642539],[-121.383267,38.642327],[-121.383319,38.639804],[-121.381714,38.640952],[-121.380503,38.640663],[-121.379273,38.640853],[-121.378109,38.641673],[-121.377006,38.642667],[-121.374191,38.643781],[-121.373029,38.644185],[-121.372488,38.644673],[-121.372059,38.644778],[-121.371558,38.644675],[-121.370259,38.643691],[-121.367117,38.644084],[-121.366895,38.644479],[-121.366598,38.644617],[-121.365749,38.644663],[-121.365426,38.644559],[-121.364069,38.644508],[-121.363662,38.644573],[-121.362866,38.644001],[-121.364335,38.642181],[-121.36475,38.641928],[-121.365565,38.641793],[-121.366192,38.641835],[-121.367104,38.642144],[-121.368086,38.642161],[-121.375633,38.63988],[-121.382384,38.637424],[-121.385953,38.636172],[-121.4005,38.630678],[-121.411463,38.626426],[-121.415548,38.624819]]]},"properties":{"NAME":"Del Paso Park"}},{"type":"Feature","geometry":{"type":"Polygon","coordinates":[[[-121.429153,38.643038],[-121.429219,38.638926],[-121.430614,38.63292],[-121.447504,38.633121],[-121.44748,38.641345],[-121.44687,38.641379],[-121.438208,38.642816],[-121.435036,38.643215],[-121.433766,38.643258],[-121.429153,38.643038]]]},"properties":{"NAME":"Del Paso Heights"}},{"type":"Feature","geometry":{"type":"Polygon","coordinates":[[[-121.517184,38.624997],[-121.520611,38.623146],[-121.523932,38.62144],[-121.524264,38.621902],[-121.52473,38.622437],[-121.525613,38.623213],[-121.526482,38.623682],[-121.529903,38.625508],[-121.530721,38.625927],[-121.533546,38.627438],[-121.534759,38.627255],[-121.536482,38.627262],[-121.545403,38.627254],[-121.545379,38.630902],[-121.537418,38.630976],[-121.537414,38.631589],[-121.537005,38.632728],[-121.535686,38.636169],[-121.535815,38.636889],[-121.537081,38.638139],[-121.53907,38.641892],[-121.541234,38.642584],[-121.542999,38.642889],[-121.543399,38.643023],[-121.526161,38.642971],[-121.523311,38.637715],[-121.520464,38.632222],[-121.518565,38.628171],[-121.517184,38.624997]]]},"properties":{"NAME":"Gateway West"}},{"type":"Feature","geometry":{"type":"Polygon","coordinates":[[[-121.464642,38.641582],[-121.464654,38.637825],[-121.456905,38.637716],[-121.456917,38.634692],[-121.470455,38.634799],[-121.471558,38.640638],[-121.471703,38.641408],[-121.468296,38.641694],[-121.464939,38.64159],[-121.464642,38.641582]]]},"properties":{"NAME":"Oak Knoll"}},{"type":"Feature","geometry":{"type":"Polygon","coordinates":[[[-121.456889,38.641272],[-121.4569,38.638633],[-121.456902,38.638289],[-121.456905,38.637716],[-121.464654,38.637825],[-121.464642,38.641582],[-121.461508,38.6415],[-121.456889,38.641272]]]},"properties":{"NAME":"Norwood Tech"}},{"type":"Feature","geometry":{"type":"Polygon","coordinates":[[[-121.44748,38.641345],[-121.447504,38.633121],[-121.447479,38.625183],[-121.448668,38.625046],[-121.449559,38.625068],[-121.451406,38.625328],[-121.453029,38.625228],[-121.454037,38.624928],[-121.45491,38.624305],[-121.456957,38.623849],[-121.456934,38.630186],[-121.456929,38.631674],[-121.456917,38.634692],[-121.456905,38.637716],[-121.456902,38.638289],[-121.4569,38.638633],[-121.451767,38.638579],[-121.451771,38.639488],[-121.450723,38.639451],[-121.450197,38.639442],[-121.448619,38.639419],[-121.448614,38.640317],[-121.448598,38.641281],[-121.44748,38.641345]]]},"properties":{"NAME":"West Del Paso Heights"}},{"type":"Feature","geometry":{"type":"Polygon","coordinates":[[[-121.448598,38.641281],[-121.448614,38.640317],[-121.448619,38.639419],[-121.450197,38.639442],[-121.450723,38.639451],[-121.451771,38.639488],[-121.451767,38.638579],[-121.4569,38.638633],[-121.456889,38.641272],[-121.450543,38.64117],[-121.448598,38.641281]]]},"properties":{"NAME":"Norwood I-80"}},{"type":"Feature","geometry":{"type":"Polygon","coordinates":[[[-121.472266,38.633328],[-121.475545,38.633366],[-121.475575,38.631849],[-121.475607,38.63058],[-121.475568,38.629624],[-121.476683,38.629622],[-121.477983,38.629609],[-121.478857,38.629558],[-121.479543,38.629468],[-121.480136,38.629211],[-121.481466,38.628457],[-121.482344,38.627942],[-121.482913,38.627648],[-121.483292,38.627557],[-121.484001,38.627505],[-121.484206,38.627504],[-121.484153,38.624734],[-121.484164,38.621249],[-121.484174,38.617786],[-121.484152,38.61686],[-121.483867,38.616441],[-121.483454,38.615863],[-121.48337,38.615478],[-121.483131,38.614839],[-121.482425,38.61296],[-121.482041,38.612094],[-121.484242,38.612483],[-121.484789,38.612576],[-121.485968,38.612739],[-121.486327,38.612774],[-121.48758,38.612825],[-121.488789,38.612864],[-121.48935,38.61289],[-121.491381,38.61291],[-121.491376,38.611515],[-121.491366,38.61095],[-121.491349,38.609232],[-121.491354,38.608535],[-121.491484,38.608538],[-121.491872,38.60854],[-121.492376,38.60852],[-121.493356,38.608428],[-121.494624,38.608332],[-121.495964,38.608213],[-121.497102,38.608117],[-121.49788,38.608075],[-121.497879,38.610906],[-121.497882,38.612724],[-121.498659,38.612715],[-121.501357,38.612673],[-121.502515,38.61269],[-121.50346,38.612754],[-121.50512,38.612785],[-121.506156,38.612981],[-121.506886,38.613193],[-121.50757,38.613459],[-121.508162,38.613737],[-121.508891,38.614134],[-121.509377,38.61434],[-121.509985,38.61457],[-121.510259,38.614678],[-121.510475,38.614297],[-121.510661,38.613831],[-121.5108,38.613473],[-121.510895,38.613055],[-121.510898,38.612648],[-121.510794,38.612265],[-121.510721,38.611703],[-121.512285,38.614729],[-121.512918,38.615832],[-121.513489,38.616982],[-121.514452,38.618875],[-121.515022,38.620121],[-121.515684,38.621523],[-121.517184,38.624997],[-121.512563,38.6275],[-121.50872,38.629489],[-121.500327,38.633917],[-121.493504,38.63743],[-121.493256,38.637698],[-121.491619,38.638351],[-121.490812,38.638663],[-121.488839,38.639233],[-121.486265,38.639643],[-121.485571,38.639745],[-121.48143,38.640297],[-121.479282,38.640462],[-121.477926,38.640558],[-121.477715,38.640576],[-121.476612,38.6407],[-121.47464,38.641003],[-121.473683,38.641155],[-121.472266,38.633328]]]},"properties":{"NAME":"South Natomas"}},{"type":"Feature","geometry":{"type":"Polygon","coordinates":[[[-121.456917,38.634692],[-121.456929,38.631674],[-121.456934,38.630186],[-121.469601,38.630272],[-121.470455,38.634799],[-121.456917,38.634692]]]},"properties":{"NAME":"Johnson Heights"}},{"type":"Feature","geometry":{"type":"Polygon","coordinates":[[[-121.475568,38.629624],[-121.475607,38.63058],[-121.475575,38.631849],[-121.475545,38.633366],[-121.472266,38.633328],[-121.471683,38.630343],[-121.471235,38.628692],[-121.470843,38.627176],[-121.470788,38.626837],[-121.469044,38.617362],[-121.468489,38.614558],[-121.468154,38.613065],[-121.468019,38.611923],[-121.467965,38.611381],[-121.467969,38.610839],[-121.468149,38.609891],[-121.46865,38.608424],[-121.468739,38.608108],[-121.468885,38.607793],[-121.46906,38.6075],[-121.469234,38.607229],[-121.469554,38.606824],[-121.470018,38.606397],[-121.470366,38.60615],[-121.470944,38.60578],[-121.471407,38.605601],[-121.472013,38.605356],[-121.472532,38.605177],[-121.47285,38.605088],[-121.473512,38.605024],[-121.474031,38.604981],[-121.474808,38.604962],[-121.47524,38.605031],[-121.475628,38.60509],[-121.475604,38.608862],[-121.475615,38.610554],[-121.475598,38.611246],[-121.475598,38.612871],[-121.475558,38.615133],[-121.475548,38.61962],[-121.475535,38.62144],[-121.475571,38.622765],[-121.475527,38.62556],[-121.475522,38.626259],[-121.475559,38.62762],[-121.475568,38.629624]]]},"properties":{"NAME":"Gardenland"}},{"type":"Feature","geometry":{"type":"Polygon","coordinates":[[[-121.430614,38.63292],[-121.429375,38.632871],[-121.425515,38.632796],[-121.419175,38.632733],[-121.411899,38.632647],[-121.419852,38.625347],[-121.420676,38.625712],[-121.424499,38.625392],[-121.42507,38.625233],[-121.426059,38.624952],[-121.427685,38.62449],[-121.427693,38.62197],[-121.429992,38.621978],[-121.430001,38.621175],[-121.43176,38.621173],[-121.432397,38.620164],[-121.432929,38.619758],[-121.433465,38.619524],[-121.435265,38.618871],[-121.43592,38.619435],[-121.43891,38.618731],[-121.43626,38.621093],[-121.433564,38.624523],[-121.432262,38.627328],[-121.433856,38.627413],[-121.436117,38.627964],[-121.437829,38.628065],[-121.43917,38.627809],[-121.440494,38.62726],[-121.441242,38.627313],[-121.441872,38.627359],[-121.442503,38.6273],[-121.443254,38.627041],[-121.444046,38.626381],[-121.445013,38.626169],[-121.447479,38.625183],[-121.447504,38.633121],[-121.430614,38.63292]]]},"properties":{"NAME":"Hagginwood"}},{"type":"Feature","geometry":{"type":"Polygon","coordinates":[[[-121.456934,38.630186],[-121.456957,38.623849],[-121.458465,38.623803],[-121.459838,38.62354],[-121.467602,38.619531],[-121.46884,38.626061],[-121.469601,38.630272],[-121.456934,38.630186]]]},"properties":{"NAME":"Strawberry Manor"}},{"type":"Feature","geometry":{"type":"Polygon","coordinates":[[[-121.482041,38.612094],[-121.482425,38.61296],[-121.483131,38.614839],[-121.48337,38.615478],[-121.483454,38.615863],[-121.483867,38.616441],[-121.484152,38.61686],[-121.484174,38.617786],[-121.484164,38.621249],[-121.484153,38.624734],[-121.484206,38.627504],[-121.484001,38.627505],[-121.483292,38.627557],[-121.482913,38.627648],[-121.482344,38.627942],[-121.481466,38.628457],[-121.480136,38.629211],[-121.479543,38.629468],[-121.478857,38.629558],[-121.477983,38.629609],[-121.476683,38.629622],[-121.475568,38.629624],[-121.475559,38.62762],[-121.475522,38.626259],[-121.475527,38.62556],[-121.475571,38.622765],[-121.475535,38.62144],[-121.475548,38.61962],[-121.475558,38.615133],[-121.475598,38.612871],[-121.475598,38.611246],[-121.476822,38.611263],[-121.477138,38.611304],[-121.477742,38.611386],[-121.478461,38.611514],[-121.479395,38.611665],[-121.480675,38.611896],[-121.482041,38.612094]]]},"properties":{"NAME":"Northgate"}},{"type":"Feature","geometry":{"type":"Polygon","coordinates":[[[-121.435265,38.618871],[-121.4358,38.618728],[-121.435791,38.617461],[-121.435901,38.614823],[-121.435942,38.611104],[-121.446197,38.611123],[-121.446183,38.612937],[-121.442753,38.615668],[-121.443885,38.616567],[-121.449067,38.616555],[-121.448465,38.617421],[-121.448068,38.618214],[-121.447905,38.618683],[-121.44763,38.619475],[-121.447494,38.620365],[-121.447479,38.625183],[-121.445013,38.626169],[-121.444046,38.626381],[-121.443254,38.627041],[-121.442503,38.6273],[-121.441872,38.627359],[-121.441242,38.627313],[-121.440494,38.62726],[-121.43917,38.627809],[-121.437829,38.628065],[-121.436117,38.627964],[-121.433856,38.627413],[-121.432262,38.627328],[-121.433564,38.624523],[-121.43626,38.621093],[-121.43891,38.618731],[-121.43592,38.619435],[-121.435265,38.618871]]]},"properties":{"NAME":"South Hagginwood"}},{"type":"Feature","geometry":{"type":"Polygon","coordinates":[[[-121.419509,38.622248],[-121.419523,38.62212],[-121.419508,38.621433],[-121.419529,38.62003],[-121.419528,38.619404],[-121.419527,38.619044],[-121.419569,38.618585],[-121.419674,38.618132],[-121.419837,38.617691],[-121.419928,38.617153],[-121.419949,38.617136],[-121.42017,38.616959],[-121.420715,38.61643],[-121.420825,38.616323],[-121.422773,38.614729],[-121.424573,38.613089],[-121.424872,38.61281],[-121.426439,38.611313],[-121.426517,38.611245],[-121.426559,38.611209],[-121.426636,38.611139],[-121.427241,38.610588],[-121.428584,38.609343],[-121.429449,38.608601],[-121.433848,38.608634],[-121.433828,38.611097],[-121.434373,38.611099],[-121.433595,38.611457],[-121.433154,38.6118],[-121.432836,38.612291],[-121.432004,38.614077],[-121.422784,38.622628],[-121.419852,38.625347],[-121.419908,38.623705],[-121.419509,38.622248]]]},"properties":{"NAME":"Ben Ali"}},{"type":"Feature","geometry":{"type":"Polygon","coordinates":[[[-121.422784,38.622628],[-121.432004,38.614077],[-121.432836,38.612291],[-121.433154,38.6118],[-121.433595,38.611457],[-121.434373,38.611099],[-121.43523,38.611103],[-121.435942,38.611104],[-121.435901,38.614823],[-121.435791,38.617461],[-121.4358,38.618728],[-121.435265,38.618871],[-121.433465,38.619524],[-121.432929,38.619758],[-121.432397,38.620164],[-121.43176,38.621173],[-121.430001,38.621175],[-121.429992,38.621978],[-121.427693,38.62197],[-121.427685,38.62449],[-121.426059,38.624952],[-121.42507,38.625233],[-121.424499,38.625392],[-121.420676,38.625712],[-121.419852,38.625347],[-121.422784,38.622628]]]},"properties":{"NAME":"Cannon Industrial Park"}},{"type":"Feature","geometry":{"type":"Polygon","coordinates":[[[-121.447479,38.625183],[-121.447494,38.620365],[-121.44763,38.619475],[-121.447905,38.618683],[-121.456957,38.618726],[-121.456998,38.621969],[-121.456957,38.623849],[-121.45491,38.624305],[-121.454037,38.624928],[-121.453029,38.625228],[-121.451406,38.625328],[-121.449559,38.625068],[-121.448668,38.625046],[-121.447479,38.625183]]]},"properties":{"NAME":"Richardson Village"}},{"type":"Feature","geometry":{"type":"Polygon","coordinates":[[[-121.512285,38.614729],[-121.514237,38.61457],[-121.515274,38.614502],[-121.516005,38.614505],[-121.516585,38.61446],[-121.517134,38.61439],[-121.518705,38.614194],[-121.519071,38.614147],[-121.520016,38.614139],[-121.520588,38.614115],[-121.521396,38.61407],[-121.522182,38.614023],[-121.522279,38.615401],[-121.522406,38.616906],[-121.523182,38.619384],[-121.523932,38.62144],[-121.520611,38.623146],[-121.517184,38.624997],[-121.515684,38.621523],[-121.515022,38.620121],[-121.514452,38.618875],[-121.513489,38.616982],[-121.512918,38.615832],[-121.512285,38.614729]]]},"properties":{"NAME":"Metro Center"}},{"type":"Feature","geometry":{"type":"Polygon","coordinates":[[[-121.456957,38.623849],[-121.456998,38.621969],[-121.456957,38.618726],[-121.459385,38.618737],[-121.459399,38.616936],[-121.467098,38.616971],[-121.467602,38.619531],[-121.459838,38.62354],[-121.458465,38.623803],[-121.456957,38.623849]]]},"properties":{"NAME":"Wills Acres"}},{"type":"Feature","geometry":{"type":"Polygon","coordinates":[[[-121.522182,38.614023],[-121.52209,38.612949],[-121.522189,38.611718],[-121.52261,38.608019],[-121.523076,38.604452],[-121.523124,38.604024],[-121.526201,38.604297],[-121.527439,38.604361],[-121.530365,38.604279],[-121.533741,38.60362],[-121.534802,38.603273],[-121.53479,38.605158],[-121.535739,38.604916],[-121.535774,38.605053],[-121.536478,38.604837],[-121.537675,38.604326],[-121.538184,38.604024],[-121.539203,38.603431],[-121.539294,38.603197],[-121.540852,38.602208],[-121.542227,38.601326],[-121.542936,38.600869],[-121.543629,38.600441],[-121.544471,38.599915],[-121.544947,38.599717],[-121.545119,38.599667],[-121.545251,38.599634],[-121.545814,38.599522],[-121.545993,38.599514],[-121.546363,38.599501],[-121.546812,38.599538],[-121.547061,38.599641],[-121.54718,38.599689],[-121.544473,38.603584],[-121.543859,38.604394],[-121.543178,38.605361],[-121.542659,38.606107],[-121.542018,38.606998],[-121.541435,38.607846],[-121.540844,38.608762],[-121.540236,38.6097],[-121.539054,38.611343],[-121.53773,38.613132],[-121.537466,38.613482],[-121.535905,38.614872],[-121.535635,38.615105],[-121.533957,38.616123],[-121.53294,38.616643],[-121.529644,38.618353],[-121.529338,38.618522],[-121.526185,38.620198],[-121.523932,38.62144],[-121.523182,38.619384],[-121.522406,38.616906],[-121.522279,38.615401],[-121.522182,38.614023]]]},"properties":{"NAME":"Willowcreek"}},{"type":"Feature","geometry":{"type":"Polygon","coordinates":[[[-121.447905,38.618683],[-121.448068,38.618214],[-121.448465,38.617421],[-121.449067,38.616555],[-121.450145,38.615509],[-121.450904,38.614885],[-121.467951,38.605709],[-121.466648,38.609169],[-121.466356,38.611149],[-121.466352,38.611667],[-121.466529,38.61399],[-121.466731,38.615113],[-121.467098,38.616971],[-121.459399,38.616936],[-121.459385,38.618737],[-121.456957,38.618726],[-121.447905,38.618683]]]},"properties":{"NAME":"Noralto"}},{"type":"Feature","geometry":{"type":"Polygon","coordinates":[[[-121.419971,38.604203],[-121.419969,38.601437],[-121.419979,38.599476],[-121.420704,38.599563],[-121.422127,38.599984],[-121.423495,38.600613],[-121.427443,38.602499],[-121.42939,38.603545],[-121.43039,38.604006],[-121.430759,38.604173],[-121.431664,38.603266],[-121.432091,38.602729],[-121.432303,38.602215],[-121.434729,38.603471],[-121.43416,38.604112],[-121.432232,38.606214],[-121.429449,38.608601],[-121.428584,38.609343],[-121.427241,38.610588],[-121.426636,38.611139],[-121.426559,38.611209],[-121.426517,38.611245],[-121.426439,38.611313],[-121.424872,38.61281],[-121.424573,38.613089],[-121.422773,38.614729],[-121.420825,38.616323],[-121.420715,38.61643],[-121.42017,38.616959],[-121.419949,38.617136],[-121.419928,38.617153],[-121.419932,38.61713],[-121.419948,38.617034],[-121.419953,38.616137],[-121.419959,38.615086],[-121.419943,38.610931],[-121.419966,38.606673],[-121.419971,38.604203]]]},"properties":{"NAME":"Swanston Estates"}},{"type":"Feature","geometry":{"type":"Polygon","coordinates":[[[-121.43523,38.611103],[-121.440316,38.606378],[-121.448675,38.606399],[-121.450045,38.606446],[-121.458463,38.606459],[-121.467513,38.602088],[-121.468256,38.60019],[-121.468477,38.600787],[-121.468499,38.601623],[-121.468523,38.602233],[-121.468462,38.60282],[-121.468368,38.603701],[-121.468217,38.604649],[-121.467951,38.605709],[-121.450904,38.614885],[-121.450145,38.615509],[-121.449067,38.616555],[-121.443885,38.616567],[-121.442753,38.615668],[-121.446183,38.612937],[-121.446197,38.611123],[-121.435942,38.611104],[-121.43523,38.611103]]]},"properties":{"NAME":"Old North Sacramento"}},{"type":"Feature","geometry":{"type":"Polygon","coordinates":[[[-121.510721,38.611703],[-121.509804,38.609858],[-121.509429,38.609067],[-121.509321,38.608836],[-121.509238,38.608338],[-121.509329,38.607751],[-121.509445,38.607503],[-121.509505,38.60721],[-121.509651,38.606962],[-121.50971,38.606578],[-121.509655,38.606329],[-121.509599,38.606058],[-121.509314,38.60565],[-121.50943,38.605424],[-121.509894,38.60502],[-121.510531,38.604571],[-121.511268,38.603999],[-121.512149,38.603719],[-121.51284,38.603677],[-121.513531,38.60377],[-121.513991,38.603817],[-121.513928,38.60407],[-121.51388,38.604369],[-121.51374,38.604739],[-121.513525,38.605192],[-121.513339,38.605442],[-121.51314,38.605705],[-121.51297,38.605967],[-121.512801,38.606265],[-121.512707,38.606576],[-121.51269,38.606851],[-121.512808,38.607359],[-121.513004,38.607683],[-121.513276,38.607959],[-121.513656,38.608188],[-121.514188,38.60837],[-121.514493,38.608431],[-121.514949,38.608528],[-121.515573,38.608614],[-121.516075,38.6087],[-121.51641,38.608821],[-121.516714,38.608954],[-121.517033,38.609171],[-121.517214,38.609363],[-121.517502,38.609723],[-121.517682,38.610082],[-121.517725,38.610429],[-121.517738,38.61068],[-121.51769,38.611069],[-121.517567,38.611355],[-121.51735,38.61188],[-121.517195,38.612226],[-121.517056,38.612537],[-121.516977,38.612883],[-121.516944,38.61317],[-121.516973,38.613421],[-121.517134,38.61439],[-121.516585,38.61446],[-121.516005,38.614505],[-121.515274,38.614502],[-121.514237,38.61457],[-121.512285,38.614729],[-121.510721,38.611703]]]},"properties":{"NAME":"Gateway Center"}},{"type":"Feature","geometry":{"type":"Polygon","coordinates":[[[-121.510721,38.611703],[-121.510794,38.612265],[-121.510898,38.612648],[-121.510895,38.613055],[-121.5108,38.613473],[-121.510661,38.613831],[-121.510475,38.614297],[-121.510259,38.614678],[-121.509985,38.61457],[-121.509377,38.61434],[-121.508891,38.614134],[-121.508162,38.613737],[-121.50757,38.613459],[-121.506886,38.613193],[-121.506156,38.612981],[-121.50512,38.612785],[-121.50346,38.612754],[-121.502515,38.61269],[-121.501357,38.612673],[-121.498659,38.612715],[-121.497882,38.612724],[-121.497879,38.610906],[-121.49788,38.608075],[-121.498543,38.607999],[-121.49945,38.607912],[-121.500516,38.607821],[-121.501395,38.6077],[-121.502304,38.607501],[-121.503126,38.607324],[-121.505635,38.606781],[-121.506109,38.606851],[-121.506411,38.607021],[-121.50661,38.607282],[-121.506724,38.607508],[-121.507024,38.60777],[-121.507326,38.607873],[-121.507901,38.608022],[-121.508346,38.608159],[-121.508663,38.608262],[-121.508892,38.608433],[-121.509121,38.608615],[-121.509321,38.608836],[-121.509429,38.609067],[-121.509804,38.609858],[-121.510721,38.611703]]]},"properties":{"NAME":"Natomas Corporate Center"}},{"type":"Feature","geometry":{"type":"Polygon","coordinates":[[[-121.475598,38.611246],[-121.475615,38.610554],[-121.475604,38.608862],[-121.475628,38.60509],[-121.475699,38.605316],[-121.475855,38.605599],[-121.476083,38.605973],[-121.476383,38.606234],[-121.476914,38.606553],[-121.477387,38.60677],[-121.477833,38.606907],[-121.47858,38.607023],[-121.479415,38.607123],[-121.479918,38.607171],[-121.480954,38.607322],[-121.481687,38.60745],[-121.482937,38.60776],[-121.483844,38.607866],[-121.486463,38.608098],[-121.487138,38.608158],[-121.489541,38.608405],[-121.490419,38.608477],[-121.490937,38.608525],[-121.491354,38.608535],[-121.491349,38.609232],[-121.491366,38.61095],[-121.491376,38.611515],[-121.491381,38.61291],[-121.48935,38.61289],[-121.488789,38.612864],[-121.48758,38.612825],[-121.486327,38.612774],[-121.485968,38.612739],[-121.484789,38.612576],[-121.484242,38.612483],[-121.482041,38.612094],[-121.480675,38.611896],[-121.479395,38.611665],[-121.478461,38.611514],[-121.477742,38.611386],[-121.477138,38.611304],[-121.476822,38.611263],[-121.475598,38.611246]]]},"properties":{"NAME":"River Gardens"}},{"type":"Feature","geometry":{"type":"Polygon","coordinates":[[[-121.429449,38.608601],[-121.432232,38.606214],[-121.43416,38.604112],[-121.434729,38.603471],[-121.435789,38.602338],[-121.435852,38.602265],[-121.436326,38.601839],[-121.437558,38.600944],[-121.437674,38.600916],[-121.437797,38.600874],[-121.439853,38.600173],[-121.441691,38.600178],[-121.446712,38.600192],[-121.446948,38.600193],[-121.447331,38.600202],[-121.449909,38.600115],[-121.449911,38.600894],[-121.449825,38.601069],[-121.449548,38.601282],[-121.449281,38.601496],[-121.449211,38.601731],[-121.449173,38.604471],[-121.448989,38.604961],[-121.448675,38.606399],[-121.440316,38.606378],[-121.43523,38.611103],[-121.434373,38.611099],[-121.433828,38.611097],[-121.433848,38.608634],[-121.429449,38.608601]]]},"properties":{"NAME":"Erikson Industrial Park"}},{"type":"Feature","geometry":{"type":"Polygon","coordinates":[[[-121.49788,38.608075],[-121.497102,38.608117],[-121.495964,38.608213],[-121.494624,38.608332],[-121.493356,38.608428],[-121.492376,38.60852],[-121.491872,38.60854],[-121.491484,38.608538],[-121.491354,38.608535],[-121.490937,38.608525],[-121.490419,38.608477],[-121.489541,38.608405],[-121.487138,38.608158],[-121.486463,38.608098],[-121.483844,38.607866],[-121.482937,38.60776],[-121.481687,38.60745],[-121.480954,38.607322],[-121.479918,38.607171],[-121.479415,38.607123],[-121.47858,38.607023],[-121.477833,38.606907],[-121.477387,38.60677],[-121.476914,38.606553],[-121.476383,38.606234],[-121.476083,38.605973],[-121.475855,38.605599],[-121.475699,38.605316],[-121.475628,38.60509],[-121.474868,38.60477],[-121.473261,38.603949],[-121.471427,38.602879],[-121.470395,38.602264],[-121.46985,38.601832],[-121.469079,38.601061],[-121.468593,38.600539],[-121.468337,38.600221],[-121.468256,38.60019],[-121.467997,38.599497],[-121.467485,38.598613],[-121.466774,38.597457],[-121.46632,38.596552],[-121.465493,38.595508],[-121.464862,38.595189],[-121.464209,38.594989],[-121.463363,38.594813],[-121.462609,38.594768],[-121.461656,38.594854],[-121.460954,38.595032],[-121.459433,38.59555],[-121.457544,38.596182],[-121.456423,38.596308],[-121.454957,38.596416],[-121.449855,38.596328],[-121.450271,38.594882],[-121.450444,38.593521],[-121.450416,38.591061],[-121.450484,38.590709],[-121.451093,38.590704],[-121.45228,38.59071],[-121.452636,38.590667],[-121.454563,38.590438],[-121.456605,38.58996],[-121.457331,38.589791],[-121.459706,38.589105],[-121.46054,38.588905],[-121.462328,38.588618],[-121.462737,38.588607],[-121.463809,38.58858],[-121.465027,38.588783],[-121.465397,38.588845],[-121.466948,38.589258],[-121.468663,38.589835],[-121.46956,38.590247],[-121.470289,38.590599],[-121.470415,38.5907],[-121.470723,38.590944],[-121.471556,38.591606],[-121.471728,38.591743],[-121.472572,38.592496],[-121.47278,38.592634],[-121.473717,38.593255],[-121.473409,38.593977],[-121.476401,38.596388],[-121.476807,38.596684],[-121.477544,38.597474],[-121.478048,38.598108],[-121.479278,38.599085],[-121.480153,38.599711],[-121.482002,38.600866],[-121.483409,38.601465],[-121.484768,38.601869],[-121.486783,38.602316],[-121.488243,38.602458],[-121.489927,38.602495],[-121.492379,38.602467],[-121.495598,38.602461],[-121.497395,38.602314],[-121.49944,38.602051],[-121.501063,38.601785],[-121.50249,38.601393],[-121.503868,38.600904],[-121.504879,38.600517],[-121.506,38.599922],[-121.507876,38.598279],[-121.508988,38.597136],[-121.50915,38.597441],[-121.509975,38.598943],[-121.511542,38.600329],[-121.511268,38.603999],[-121.510531,38.604571],[-121.509894,38.60502],[-121.50943,38.605424],[-121.509314,38.60565],[-121.509599,38.606058],[-121.509655,38.606329],[-121.50971,38.606578],[-121.509651,38.606962],[-121.509505,38.60721],[-121.509445,38.607503],[-121.509329,38.607751],[-121.509238,38.608338],[-121.509321,38.608836],[-121.509121,38.608615],[-121.508892,38.608433],[-121.508663,38.608262],[-121.508346,38.608159],[-121.507901,38.608022],[-121.507326,38.607873],[-121.507024,38.60777],[-121.506724,38.607508],[-121.50661,38.607282],[-121.506411,38.607021],[-121.506109,38.606851],[-121.505635,38.606781],[-121.503126,38.607324],[-121.502304,38.607501],[-121.501395,38.6077],[-121.500516,38.607821],[-121.49945,38.607912],[-121.498543,38.607999],[-121.49788,38.608075]]]},"properties":{"NAME":"American River Parkway"}},{"type":"Feature","geometry":{"type":"Polygon","coordinates":[[[-121.449909,38.600115],[-121.46611,38.600137],[-121.468256,38.60019],[-121.467513,38.602088],[-121.458463,38.606459],[-121.450045,38.606446],[-121.448675,38.606399],[-121.448989,38.604961],[-121.449173,38.604471],[-121.449211,38.601731],[-121.449281,38.601496],[-121.449548,38.601282],[-121.449825,38.601069],[-121.449911,38.600894],[-121.449909,38.600115]]]},"properties":{"NAME":"Woodlake"}},{"type":"Feature","geometry":{"type":"Polygon","coordinates":[[[-121.419979,38.599476],[-121.419987,38.596272],[-121.419998,38.596108],[-121.420145,38.596097],[-121.421767,38.596989],[-121.421892,38.597056],[-121.42547,38.598811],[-121.429995,38.601035],[-121.430639,38.601354],[-121.432303,38.602215],[-121.432091,38.602729],[-121.431664,38.603266],[-121.430759,38.604173],[-121.43039,38.604006],[-121.42939,38.603545],[-121.427443,38.602499],[-121.423495,38.600613],[-121.422127,38.599984],[-121.420704,38.599563],[-121.419979,38.599476]]]},"properties":{"NAME":"Arden Fair"}},{"type":"Feature","geometry":{"type":"Polygon","coordinates":[[[-121.432303,38.602215],[-121.430639,38.601354],[-121.429995,38.601035],[-121.42547,38.598811],[-121.421892,38.597056],[-121.421767,38.596989],[-121.420145,38.596097],[-121.420148,38.596017],[-121.422567,38.595635],[-121.426108,38.595248],[-121.4288,38.595088],[-121.432596,38.595309],[-121.439448,38.595776],[-121.442059,38.596483],[-121.443604,38.596924],[-121.44447,38.594557],[-121.446278,38.589621],[-121.446672,38.588249],[-121.447981,38.589441],[-121.450359,38.5907],[-121.450484,38.590709],[-121.450416,38.591061],[-121.450444,38.593521],[-121.450271,38.594882],[-121.449855,38.596328],[-121.448923,38.598205],[-121.447748,38.599759],[-121.447331,38.600202],[-121.446948,38.600193],[-121.446712,38.600192],[-121.441691,38.600178],[-121.439853,38.600173],[-121.437797,38.600874],[-121.437674,38.600916],[-121.437558,38.600944],[-121.436326,38.601839],[-121.435852,38.602265],[-121.435789,38.602338],[-121.434729,38.603471],[-121.432303,38.602215]]]},"properties":{"NAME":"Point West"}},{"type":"Feature","geometry":{"type":"Polygon","coordinates":[[[-121.476401,38.596388],[-121.47668,38.596087],[-121.476917,38.595887],[-121.47726,38.595654],[-121.477561,38.595404],[-121.477798,38.595204],[-121.477992,38.595004],[-121.478186,38.59472],[-121.478425,38.59436],[-121.478792,38.594589],[-121.47975,38.595193],[-121.480398,38.595595],[-121.480594,38.59584],[-121.48308,38.597429],[-121.484079,38.595101],[-121.48497,38.593063],[-121.485593,38.591577],[-121.485632,38.591495],[-121.485732,38.591267],[-121.486042,38.590566],[-121.487119,38.588311],[-121.487532,38.58848],[-121.487957,38.588543],[-121.488265,38.588605],[-121.488689,38.588606],[-121.48923,38.588609],[-121.490659,38.588433],[-121.493558,38.587901],[-121.494813,38.587568],[-121.495114,38.586874],[-121.496335,38.584099],[-121.497622,38.584461],[-121.498208,38.584505],[-121.498534,38.584506],[-121.499136,38.584314],[-121.499423,38.584121],[-121.499698,38.583918],[-121.499882,38.583734],[-121.500014,38.5835],[-121.500535,38.583625],[-121.501667,38.583906],[-121.502057,38.58402],[-121.502882,38.584242],[-121.502923,38.584571],[-121.502979,38.585057],[-121.503118,38.585952],[-121.503523,38.587288],[-121.503909,38.588379],[-121.504173,38.58916],[-121.504314,38.589714],[-121.504436,38.590089],[-121.504474,38.590479],[-121.504534,38.590886],[-121.50453,38.591488],[-121.504416,38.592934],[-121.50418,38.594169],[-121.50409,38.595096],[-121.503956,38.596608],[-121.503929,38.597404],[-121.504028,38.598088],[-121.50423,38.598853],[-121.504249,38.59913],[-121.504758,38.600286],[-121.504879,38.600517],[-121.503868,38.600904],[-121.50249,38.601393],[-121.501063,38.601785],[-121.49944,38.602051],[-121.497395,38.602314],[-121.495598,38.602461],[-121.492379,38.602467],[-121.489927,38.602495],[-121.488243,38.602458],[-121.486783,38.602316],[-121.484768,38.601869],[-121.483409,38.601465],[-121.482002,38.600866],[-121.480153,38.599711],[-121.479278,38.599085],[-121.478048,38.598108],[-121.477544,38.597474],[-121.476807,38.596684],[-121.476401,38.596388]]]},"properties":{"NAME":"Southern Pacific / Richards"}},{"type":"Feature","geometry":{"type":"Polygon","coordinates":[[[-121.447331,38.600202],[-121.447748,38.599759],[-121.448923,38.598205],[-121.449855,38.596328],[-121.454957,38.596416],[-121.456423,38.596308],[-121.457544,38.596182],[-121.459433,38.59555],[-121.460954,38.595032],[-121.461656,38.594854],[-121.462609,38.594768],[-121.463363,38.594813],[-121.464209,38.594989],[-121.464862,38.595189],[-121.465493,38.595508],[-121.46632,38.596552],[-121.466774,38.597457],[-121.467485,38.598613],[-121.467997,38.599497],[-121.468256,38.60019],[-121.46611,38.600137],[-121.449909,38.600115],[-121.447331,38.600202]]]},"properties":{"NAME":"Johnson Business Park"}},{"type":"Feature","geometry":{"type":"Polygon","coordinates":[[[-121.478425,38.59436],[-121.479365,38.593637],[-121.479905,38.593351],[-121.480189,38.593153],[-121.480785,38.592889],[-121.481494,38.592648],[-121.483481,38.591747],[-121.48401,38.591444],[-121.484461,38.591203],[-121.484594,38.59114],[-121.485241,38.5908],[-121.485525,38.590668],[-121.486042,38.590566],[-121.485732,38.591267],[-121.485632,38.591495],[-121.485593,38.591577],[-121.48497,38.593063],[-121.484079,38.595101],[-121.48308,38.597429],[-121.480594,38.59584],[-121.480398,38.595595],[-121.47975,38.595193],[-121.478792,38.594589],[-121.478425,38.59436]]]},"properties":{"NAME":"Dos Rios Triangle"}},{"type":"Feature","geometry":{"type":"Polygon","coordinates":[[[-121.420145,38.596097],[-121.419998,38.596108],[-121.419931,38.581528],[-121.42003,38.580604],[-121.420308,38.579824],[-121.420764,38.579329],[-121.420947,38.579116],[-121.421121,38.578752],[-121.421447,38.578876],[-121.421917,38.579123],[-121.426408,38.58219],[-121.428351,38.58235],[-121.430103,38.58249],[-121.430386,38.58257],[-121.430604,38.582466],[-121.430955,38.58239],[-121.431289,38.582444],[-121.431673,38.582445],[-121.431724,38.582315],[-121.43196,38.582001],[-121.432331,38.581558],[-121.432599,38.581428],[-121.433118,38.581221],[-121.433552,38.581145],[-121.433787,38.58112],[-121.434304,38.581149],[-121.434988,38.581152],[-121.436355,38.58146],[-121.436489,38.581421],[-121.436605,38.581409],[-121.436922,38.581528],[-121.437105,38.581568],[-121.437305,38.581595],[-121.437539,38.581544],[-121.437772,38.581545],[-121.438106,38.581586],[-121.438289,38.581653],[-121.438731,38.581874],[-121.439254,38.58205],[-121.440065,38.582259],[-121.440313,38.582337],[-121.44072,38.58249],[-121.441002,38.582648],[-121.441285,38.582859],[-121.441501,38.582978],[-121.441817,38.583097],[-121.442034,38.583164],[-121.442299,38.583335],[-121.442366,38.583441],[-121.442482,38.58348],[-121.442781,38.583678],[-121.44298,38.583797],[-121.443163,38.583955],[-121.443396,38.584048],[-121.444094,38.584379],[-121.444393,38.584524],[-121.444692,38.584748],[-121.445505,38.585368],[-121.446451,38.586132],[-121.446932,38.586554],[-121.44748,38.586923],[-121.447636,38.587025],[-121.446672,38.588249],[-121.446278,38.589621],[-121.44447,38.594557],[-121.443604,38.596924],[-121.442059,38.596483],[-121.439448,38.595776],[-121.432596,38.595309],[-121.4288,38.595088],[-121.426108,38.595248],[-121.422567,38.595635],[-121.420148,38.596017],[-121.420145,38.596097]]]},"properties":{"NAME":"Cal Expo"}},{"type":"Feature","geometry":{"type":"Polygon","coordinates":[[[-121.487119,38.588311],[-121.48716,38.588222],[-121.488475,38.585082],[-121.489671,38.582375],[-121.496335,38.584099],[-121.495114,38.586874],[-121.494813,38.587568],[-121.493558,38.587901],[-121.490659,38.588433],[-121.48923,38.588609],[-121.488689,38.588606],[-121.488265,38.588605],[-121.487957,38.588543],[-121.487532,38.58848],[-121.487119,38.588311]]]},"properties":{"NAME":"Alkali Flat"}},{"type":"Feature","geometry":{"type":"Polygon","coordinates":[[[-121.481372,38.586885],[-121.482812,38.58354],[-121.48394,38.58092],[-121.485153,38.578091],[-121.486726,38.578525],[-121.490829,38.579579],[-121.490213,38.580952],[-121.489671,38.582375],[-121.488475,38.585082],[-121.48716,38.588222],[-121.487119,38.588311],[-121.481372,38.586885]]]},"properties":{"NAME":"Mansion Flats"}},{"type":"Feature","geometry":{"type":"Polygon","coordinates":[[[-121.421121,38.578752],[-121.421372,38.57836],[-121.42173,38.577419],[-121.42168,38.576885],[-121.421631,38.576362],[-121.421399,38.575948],[-121.421765,38.574244],[-121.421804,38.573091],[-121.42236,38.571375],[-121.422505,38.569338],[-121.422526,38.569041],[-121.42253,38.568935],[-121.422885,38.568911],[-121.423771,38.568758],[-121.426912,38.568224],[-121.432006,38.567287],[-121.432755,38.570178],[-121.432997,38.571201],[-121.433532,38.57322],[-121.433856,38.574532],[-121.434132,38.575398],[-121.434561,38.576042],[-121.434875,38.576528],[-121.435603,38.577304],[-121.436299,38.578002],[-121.437078,38.578621],[-121.437677,38.578951],[-121.439307,38.579601],[-121.441254,38.580383],[-121.443018,38.581073],[-121.445465,38.582028],[-121.44663,38.582492],[-121.44791,38.583218],[-121.448342,38.583391],[-121.449191,38.583735],[-121.450085,38.583987],[-121.450629,38.584051],[-121.450747,38.584065],[-121.450517,38.58429],[-121.45018,38.584621],[-121.450363,38.585247],[-121.450433,38.585618],[-121.44992,38.585686],[-121.449705,38.585746],[-121.449234,38.585974],[-121.448832,38.586169],[-121.448485,38.58641],[-121.448104,38.586673],[-121.447738,38.586928],[-121.447636,38.587025],[-121.44748,38.586923],[-121.446932,38.586554],[-121.446451,38.586132],[-121.445505,38.585368],[-121.444692,38.584748],[-121.444393,38.584524],[-121.444094,38.584379],[-121.443396,38.584048],[-121.443163,38.583955],[-121.44298,38.583797],[-121.442781,38.583678],[-121.442482,38.58348],[-121.442366,38.583441],[-121.442299,38.583335],[-121.442034,38.583164],[-121.441817,38.583097],[-121.441501,38.582978],[-121.441285,38.582859],[-121.441002,38.582648],[-121.44072,38.58249],[-121.440313,38.582337],[-121.440065,38.582259],[-121.439254,38.58205],[-121.438731,38.581874],[-121.438289,38.581653],[-121.438106,38.581586],[-121.437772,38.581545],[-121.437539,38.581544],[-121.437305,38.581595],[-121.437105,38.581568],[-121.436922,38.581528],[-121.436605,38.581409],[-121.436489,38.581421],[-121.436355,38.58146],[-121.434988,38.581152],[-121.434304,38.581149],[-121.433787,38.58112],[-121.433552,38.581145],[-121.433118,38.581221],[-121.432599,38.581428],[-121.432331,38.581558],[-121.43196,38.582001],[-121.431724,38.582315],[-121.431673,38.582445],[-121.431289,38.582444],[-121.430955,38.58239],[-121.430604,38.582466],[-121.430386,38.58257],[-121.430103,38.58249],[-121.428351,38.58235],[-121.426408,38.58219],[-121.421917,38.579123],[-121.421447,38.578876],[-121.421121,38.578752]]]},"properties":{"NAME":"River Park"}},{"type":"Feature","geometry":{"type":"Polygon","coordinates":[[[-121.481372,38.586885],[-121.476036,38.585625],[-121.472731,38.584776],[-121.470117,38.5841],[-121.469117,38.583731],[-121.467576,38.583361],[-121.465917,38.583141],[-121.464606,38.582923],[-121.463182,38.582462],[-121.462631,38.582298],[-121.462916,38.582066],[-121.46319,38.581793],[-121.463447,38.581536],[-121.463553,38.58143],[-121.463869,38.581078],[-121.464174,38.580421],[-121.464545,38.57943],[-121.464825,38.578782],[-121.465408,38.578938],[-121.46746,38.579508],[-121.470225,38.5802],[-121.472234,38.580751],[-121.474133,38.581271],[-121.478863,38.582515],[-121.482812,38.58354],[-121.481372,38.586885]]]},"properties":{"NAME":"New Era Park"}},{"type":"Feature","geometry":{"type":"Polygon","coordinates":[[[-121.421635,38.550905],[-121.423088,38.550529],[-121.427907,38.550553],[-121.427907,38.550499],[-121.427906,38.550396],[-121.427902,38.549761],[-121.427901,38.54948],[-121.4279,38.549353],[-121.428096,38.54935],[-121.42843,38.549345],[-121.428518,38.549344],[-121.428581,38.549347],[-121.428643,38.549355],[-121.428706,38.549368],[-121.428767,38.549386],[-121.428767,38.54933],[-121.428841,38.549331],[-121.429736,38.549968],[-121.429804,38.550015],[-121.430107,38.550231],[-121.430176,38.550279],[-121.430247,38.550327],[-121.430319,38.550373],[-121.430392,38.550419],[-121.430465,38.550463],[-121.43054,38.550507],[-121.430615,38.550549],[-121.430691,38.550591],[-121.430769,38.550631],[-121.430848,38.55067],[-121.430926,38.550709],[-121.431006,38.550746],[-121.43109,38.550783],[-121.431313,38.550881],[-121.432203,38.55127],[-121.432229,38.551281],[-121.432256,38.551291],[-121.43228,38.551301],[-121.432306,38.551311],[-121.432332,38.551321],[-121.43236,38.55133],[-121.432386,38.551338],[-121.432413,38.551347],[-121.432461,38.551361],[-121.43369,38.551698],[-121.433719,38.551707],[-121.433747,38.551715],[-121.433775,38.551724],[-121.433803,38.551734],[-121.433831,38.551743],[-121.433859,38.551753],[-121.433887,38.551763],[-121.433913,38.551774],[-121.433941,38.551785],[-121.433967,38.551797],[-121.433993,38.551809],[-121.434019,38.551821],[-121.434045,38.551834],[-121.434071,38.551847],[-121.434096,38.55186],[-121.434122,38.551873],[-121.434146,38.551888],[-121.43417,38.551902],[-121.434197,38.551917],[-121.434223,38.551933],[-121.434251,38.551947],[-121.434278,38.551962],[-121.434305,38.551976],[-121.434334,38.551989],[-121.434362,38.552003],[-121.43439,38.552016],[-121.43442,38.552028],[-121.434449,38.55204],[-121.434477,38.552052],[-121.434508,38.552063],[-121.434538,38.552074],[-121.434568,38.552085],[-121.434629,38.552104],[-121.435527,38.552383],[-121.436615,38.552715],[-121.43816,38.553308],[-121.438911,38.553604],[-121.438932,38.553612],[-121.438953,38.55362],[-121.438976,38.553627],[-121.438996,38.553634],[-121.439017,38.553641],[-121.43904,38.553648],[-121.439063,38.553654],[-121.439084,38.55366],[-121.439106,38.553666],[-121.439129,38.553671],[-121.439152,38.553677],[-121.439174,38.553681],[-121.439197,38.553686],[-121.43922,38.55369],[-121.439253,38.553697],[-121.439243,38.554332],[-121.443019,38.556257],[-121.45836,38.560422],[-121.459289,38.560735],[-121.461362,38.560918],[-121.460172,38.561547],[-121.469053,38.563952],[-121.470383,38.564306],[-121.470913,38.564448],[-121.47106,38.564487],[-121.471014,38.564583],[-121.470518,38.565612],[-121.469153,38.568899],[-121.467886,38.571699],[-121.467197,38.573283],[-121.466738,38.574338],[-121.466011,38.576031],[-121.465788,38.57659],[-121.464825,38.578782],[-121.464545,38.57943],[-121.464174,38.580421],[-121.463869,38.581078],[-121.463553,38.58143],[-121.463447,38.581536],[-121.46319,38.581793],[-121.462916,38.582066],[-121.462631,38.582298],[-121.461131,38.583517],[-121.460766,38.583776],[-121.460169,38.584108],[-121.459386,38.584384],[-121.458807,38.584554],[-121.457477,38.584729],[-121.456605,38.584806],[-121.454605,38.585065],[-121.450433,38.585618],[-121.450363,38.585247],[-121.45018,38.584621],[-121.450517,38.58429],[-121.450747,38.584065],[-121.450629,38.584051],[-121.450085,38.583987],[-121.449191,38.583735],[-121.448342,38.583391],[-121.44791,38.583218],[-121.44663,38.582492],[-121.445465,38.582028],[-121.443018,38.581073],[-121.441254,38.580383],[-121.439307,38.579601],[-121.437677,38.578951],[-121.437078,38.578621],[-121.436299,38.578002],[-121.435603,38.577304],[-121.434875,38.576528],[-121.434561,38.576042],[-121.434132,38.575398],[-121.433856,38.574532],[-121.433532,38.57322],[-121.432997,38.571201],[-121.432755,38.570178],[-121.432006,38.567287],[-121.431044,38.563477],[-121.430697,38.562257],[-121.430091,38.560831],[-121.429046,38.559145],[-121.42743,38.556981],[-121.426777,38.556105],[-121.426986,38.555858],[-121.427736,38.55473],[-121.42782,38.554472],[-121.427893,38.554008],[-121.427901,38.553006],[-121.427877,38.552633],[-121.427786,38.552566],[-121.421635,38.550905]]]},"properties":{"NAME":"East Sacramento"}},{"type":"Feature","geometry":{"type":"Polygon","coordinates":[[[-121.502923,38.584571],[-121.502882,38.584242],[-121.503101,38.583912],[-121.503276,38.583115],[-121.503567,38.58241],[-121.50374,38.58196],[-121.503978,38.58145],[-121.504281,38.581011],[-121.504832,38.580502],[-121.505698,38.579697],[-121.506249,38.579188],[-121.506748,38.57873],[-121.507049,38.578445],[-121.507208,38.57823],[-121.507485,38.57772],[-121.507841,38.577056],[-121.508146,38.576362],[-121.508663,38.575157],[-121.508809,38.574738],[-121.508903,38.574427],[-121.50902,38.574103],[-121.509095,38.573654],[-121.509142,38.573038],[-121.509102,38.572645],[-121.509019,38.572185],[-121.508951,38.571748],[-121.508954,38.57131],[-121.508999,38.570941],[-121.509058,38.570627],[-121.50916,38.570392],[-121.509405,38.569956],[-121.509695,38.569486],[-121.510026,38.56905],[-121.510329,38.568625],[-121.510515,38.568443],[-121.511427,38.568726],[-121.513178,38.569311],[-121.51477,38.57042],[-121.515102,38.570717],[-121.515388,38.571074],[-121.515577,38.571245],[-121.515631,38.571331],[-121.515793,38.571395],[-121.514113,38.572585],[-121.513261,38.573246],[-121.512613,38.573813],[-121.511964,38.574285],[-121.511234,38.574946],[-121.510706,38.575545],[-121.51038,38.57605],[-121.509932,38.576713],[-121.509362,38.577565],[-121.509074,38.578292],[-121.508255,38.580155],[-121.50768,38.581641],[-121.506941,38.583505],[-121.506119,38.585748],[-121.504549,38.585362],[-121.503705,38.585042],[-121.502923,38.584571]]]},"properties":{"NAME":"Old Sacramento"}},{"type":"Feature","geometry":{"type":"Polygon","coordinates":[[[-121.496335,38.584099],[-121.489671,38.582375],[-121.490213,38.580952],[-121.490829,38.579579],[-121.486726,38.578525],[-121.485153,38.578091],[-121.489051,38.569285],[-121.49305,38.57035],[-121.494642,38.570774],[-121.495772,38.571097],[-121.499564,38.5721],[-121.502302,38.572829],[-121.503884,38.573251],[-121.507862,38.574288],[-121.508375,38.574436],[-121.508809,38.574738],[-121.508663,38.575157],[-121.508146,38.576362],[-121.507841,38.577056],[-121.507485,38.57772],[-121.507208,38.57823],[-121.507049,38.578445],[-121.506748,38.57873],[-121.506249,38.579188],[-121.505698,38.579697],[-121.504832,38.580502],[-121.504281,38.581011],[-121.503978,38.58145],[-121.50374,38.58196],[-121.503567,38.58241],[-121.503276,38.583115],[-121.503101,38.583912],[-121.502882,38.584242],[-121.502057,38.58402],[-121.501667,38.583906],[-121.500535,38.583625],[-121.500014,38.5835],[-121.499882,38.583734],[-121.499698,38.583918],[-121.499423,38.584121],[-121.499136,38.584314],[-121.498534,38.584506],[-121.498208,38.584505],[-121.497622,38.584461],[-121.496335,38.584099]]]},"properties":{"NAME":"Downtown"}},{"type":"Feature","geometry":{"type":"Polygon","coordinates":[[[-121.472234,38.580751],[-121.47318,38.578481],[-121.474061,38.576447],[-121.474589,38.575244],[-121.477094,38.575917],[-121.480635,38.576884],[-121.484285,38.577852],[-121.485153,38.578091],[-121.48394,38.58092],[-121.482812,38.58354],[-121.478863,38.582515],[-121.474133,38.581271],[-121.472234,38.580751]]]},"properties":{"NAME":"Boulevard Park"}},{"type":"Feature","geometry":{"type":"Polygon","coordinates":[[[-121.464825,38.578782],[-121.465788,38.57659],[-121.466011,38.576031],[-121.466738,38.574338],[-121.467197,38.573283],[-121.474136,38.575122],[-121.474589,38.575244],[-121.474061,38.576447],[-121.47318,38.578481],[-121.472234,38.580751],[-121.470225,38.5802],[-121.46746,38.579508],[-121.465408,38.578938],[-121.464825,38.578782]]]},"properties":{"NAME":"Marshall School"}},{"type":"Feature","geometry":{"type":"Polygon","coordinates":[[[-121.471014,38.564583],[-121.47106,38.564487],[-121.471061,38.564487],[-121.471187,38.564521],[-121.471719,38.564663],[-121.473055,38.565019],[-121.474395,38.565376],[-121.47507,38.565557],[-121.475728,38.565732],[-121.477046,38.566084],[-121.478387,38.566441],[-121.479734,38.566801],[-121.482397,38.567511],[-121.483743,38.56787],[-121.485066,38.568222],[-121.485738,38.568401],[-121.486249,38.568538],[-121.486389,38.568575],[-121.486446,38.56859],[-121.489051,38.569285],[-121.485153,38.578091],[-121.484285,38.577852],[-121.480635,38.576884],[-121.477094,38.575917],[-121.474589,38.575244],[-121.474136,38.575122],[-121.467197,38.573283],[-121.467886,38.571699],[-121.469153,38.568899],[-121.470518,38.565612],[-121.471014,38.564583]]]},"properties":{"NAME":"Midtown / Winn Park / Capital Avenue"}},{"type":"Feature","geometry":{"type":"Polygon","coordinates":[[[-121.416054,38.57534],[-121.416001,38.575338],[-121.415935,38.575338],[-121.415351,38.575353],[-121.415351,38.575113],[-121.415394,38.57472],[-121.415398,38.574253],[-121.415229,38.573748],[-121.414641,38.572922],[-121.414018,38.572427],[-121.412941,38.571979],[-121.412036,38.571569],[-121.410802,38.571132],[-121.410053,38.570735],[-121.409416,38.570142],[-121.408969,38.569328],[-121.408963,38.568173],[-121.409041,38.566268],[-121.40918,38.562321],[-121.409185,38.5622],[-121.409293,38.560622],[-121.409871,38.560642],[-121.410012,38.560643],[-121.412725,38.560128],[-121.413602,38.560157],[-121.414403,38.559903],[-121.415327,38.559908],[-121.415984,38.560071],[-121.416516,38.560086],[-121.417312,38.560336],[-121.417671,38.560497],[-121.418029,38.560721],[-121.418263,38.560906],[-121.418979,38.561438],[-121.419742,38.562044],[-121.420087,38.562414],[-121.420502,38.562921],[-121.420827,38.563402],[-121.421043,38.563919],[-121.421873,38.565767],[-121.422134,38.566322],[-121.422409,38.567343],[-121.422538,38.568782],[-121.42253,38.568935],[-121.422526,38.569041],[-121.422505,38.569338],[-121.42236,38.571375],[-121.421804,38.573091],[-121.421765,38.574244],[-121.421399,38.575948],[-121.421631,38.576362],[-121.42168,38.576885],[-121.421709,38.577444],[-121.421118,38.577188],[-121.419724,38.576683],[-121.41744,38.575856],[-121.417385,38.57579],[-121.416407,38.575417],[-121.416358,38.5754],[-121.416311,38.575385],[-121.41626,38.575372],[-121.416209,38.575361],[-121.416159,38.575352],[-121.416106,38.575345],[-121.416054,38.57534]]]},"properties":{"NAME":"Campus Commons"}},{"type":"Feature","geometry":{"type":"Polygon","coordinates":[[[-121.415351,38.575113],[-121.415175,38.575067],[-121.415172,38.575066],[-121.414921,38.574976],[-121.414893,38.574966],[-121.414766,38.574953],[-121.41364,38.574546],[-121.4135,38.574515],[-121.413401,38.574472],[-121.413323,38.574347],[-121.411258,38.574329],[-121.411281,38.574219],[-121.411459,38.573679],[-121.411155,38.573535],[-121.410479,38.573206],[-121.408033,38.572004],[-121.407709,38.571845],[-121.406978,38.571498],[-121.405248,38.570677],[-121.405213,38.572071],[-121.396582,38.570705],[-121.397157,38.568945],[-121.397239,38.568819],[-121.397343,38.568511],[-121.397479,38.567991],[-121.399303,38.568393],[-121.399696,38.567919],[-121.399912,38.567768],[-121.400124,38.567515],[-121.399322,38.567094],[-121.39953,38.566836],[-121.399602,38.566735],[-121.399811,38.566411],[-121.399888,38.566193],[-121.399986,38.565915],[-121.400061,38.565677],[-121.400135,38.565447],[-121.400191,38.565268],[-121.400265,38.565036],[-121.400336,38.564813],[-121.400444,38.564475],[-121.400469,38.564251],[-121.400231,38.563542],[-121.400847,38.563405],[-121.404799,38.562506],[-121.407888,38.561873],[-121.407859,38.562598],[-121.408198,38.562532],[-121.40866,38.562436],[-121.40918,38.562321],[-121.409041,38.566268],[-121.408963,38.568173],[-121.408969,38.569328],[-121.409416,38.570142],[-121.410053,38.570735],[-121.410802,38.571132],[-121.412036,38.571569],[-121.412941,38.571979],[-121.414018,38.572427],[-121.414641,38.572922],[-121.415229,38.573748],[-121.415398,38.574253],[-121.415394,38.57472],[-121.415351,38.575113]]]},"properties":{"NAME":"Sierra Oaks"}},{"type":"Feature","geometry":{"type":"Polygon","coordinates":[[[-121.497268,38.564757],[-121.497268,38.564756],[-121.505208,38.566876],[-121.508597,38.567876],[-121.510515,38.568443],[-121.510329,38.568625],[-121.510026,38.56905],[-121.509695,38.569486],[-121.509405,38.569956],[-121.50916,38.570392],[-121.509058,38.570627],[-121.508999,38.570941],[-121.508954,38.57131],[-121.508951,38.571748],[-121.509019,38.572185],[-121.509102,38.572645],[-121.509142,38.573038],[-121.509095,38.573654],[-121.50902,38.574103],[-121.508903,38.574427],[-121.508809,38.574738],[-121.508375,38.574436],[-121.507862,38.574288],[-121.503884,38.573251],[-121.502302,38.572829],[-121.499564,38.5721],[-121.495772,38.571097],[-121.494642,38.570774],[-121.49488,38.570227],[-121.495113,38.569693],[-121.495357,38.569134],[-121.495591,38.568595],[-121.495835,38.568036],[-121.49607,38.567498],[-121.49631,38.566946],[-121.496546,38.566406],[-121.496786,38.565853],[-121.497017,38.565325],[-121.497268,38.564757]]]},"properties":{"NAME":"Southside Park"}},{"type":"Feature","geometry":{"type":"Polygon","coordinates":[[[-121.486725,38.545958],[-121.487524,38.542981],[-121.488009,38.543135],[-121.488267,38.542389],[-121.49132,38.54287],[-121.492809,38.53824],[-121.493793,38.535162],[-121.493962,38.535195],[-121.495632,38.535529],[-121.496634,38.535732],[-121.496749,38.535753],[-121.497561,38.53592],[-121.49777,38.535962],[-121.498542,38.53612],[-121.498689,38.536144],[-121.499309,38.536276],[-121.500256,38.536488],[-121.500505,38.536537],[-121.501325,38.536709],[-121.501547,38.536742],[-121.502608,38.536966],[-121.503188,38.537198],[-121.50344,38.537367],[-121.503833,38.537631],[-121.5049,38.538323],[-121.505458,38.538642],[-121.506378,38.538985],[-121.50677,38.539145],[-121.507458,38.539413],[-121.507686,38.539497],[-121.50816,38.539708],[-121.50856,38.539874],[-121.509144,38.540105],[-121.509989,38.540435],[-121.51075,38.540732],[-121.511292,38.540943],[-121.511621,38.541071],[-121.512019,38.541232],[-121.512638,38.541484],[-121.512277,38.541928],[-121.512122,38.542085],[-121.508596,38.545659],[-121.507343,38.547705],[-121.506881,38.548443],[-121.506693,38.548758],[-121.506325,38.549377],[-121.506137,38.549686],[-121.505882,38.550107],[-121.505766,38.550361],[-121.505568,38.55067],[-121.505409,38.550918],[-121.505287,38.551158],[-121.504958,38.551746],[-121.504755,38.55206],[-121.504435,38.552595],[-121.504227,38.552951],[-121.504013,38.55332],[-121.503954,38.553444],[-121.503594,38.554063],[-121.503356,38.554457],[-121.503111,38.554863],[-121.503043,38.554982],[-121.502634,38.555698],[-121.50242,38.556057],[-121.502244,38.556351],[-121.502193,38.556427],[-121.50186,38.557005],[-121.501578,38.557485],[-121.501292,38.557974],[-121.500842,38.558762],[-121.500386,38.559555],[-121.499513,38.560996],[-121.498962,38.562144],[-121.498524,38.563244],[-121.500627,38.563812],[-121.501929,38.564151],[-121.502458,38.564296],[-121.503265,38.564512],[-121.505893,38.565251],[-121.507255,38.565602],[-121.508632,38.566001],[-121.509903,38.566315],[-121.51069,38.566509],[-121.511701,38.566795],[-121.512182,38.566931],[-121.519617,38.568943],[-121.518804,38.569924],[-121.516892,38.571411],[-121.516727,38.571474],[-121.516497,38.571494],[-121.516335,38.571472],[-121.516037,38.571439],[-121.515793,38.571395],[-121.515631,38.571331],[-121.515577,38.571245],[-121.515388,38.571074],[-121.515102,38.570717],[-121.51477,38.57042],[-121.513178,38.569311],[-121.511427,38.568726],[-121.510515,38.568443],[-121.508597,38.567876],[-121.505208,38.566876],[-121.497268,38.564756],[-121.488331,38.56237],[-121.48767,38.562194],[-121.487912,38.561627],[-121.488046,38.561314],[-121.488238,38.560863],[-121.488371,38.560548],[-121.488498,38.560111],[-121.488536,38.559816],[-121.488654,38.559482],[-121.488769,38.559156],[-121.488882,38.558833],[-121.488994,38.55851],[-121.489219,38.557843],[-121.489324,38.557161],[-121.489429,38.556486],[-121.489499,38.555781],[-121.489575,38.555091],[-121.489529,38.554316],[-121.489229,38.553077],[-121.489089,38.552464],[-121.489024,38.552281],[-121.48892,38.552167],[-121.488457,38.55198],[-121.486725,38.545958]]]},"properties":{"NAME":"Land Park"}},{"type":"Feature","geometry":{"type":"Polygon","coordinates":[[[-121.488331,38.562371],[-121.488331,38.56237],[-121.497268,38.564756],[-121.497268,38.564757],[-121.497017,38.565325],[-121.496786,38.565853],[-121.496546,38.566406],[-121.49631,38.566946],[-121.49607,38.567498],[-121.495835,38.568036],[-121.495591,38.568595],[-121.495357,38.569134],[-121.495113,38.569693],[-121.49488,38.570227],[-121.494642,38.570774],[-121.49305,38.57035],[-121.489051,38.569285],[-121.486446,38.56859],[-121.486389,38.568575],[-121.486249,38.568538],[-121.485738,38.568401],[-121.485738,38.568401],[-121.486251,38.567213],[-121.486437,38.566787],[-121.486461,38.566736],[-121.48664,38.566324],[-121.486708,38.56611],[-121.486894,38.565678],[-121.486918,38.565626],[-121.487096,38.565219],[-121.487186,38.565011],[-121.487284,38.564786],[-121.487328,38.564685],[-121.487372,38.564587],[-121.487393,38.564534],[-121.487572,38.564127],[-121.487662,38.563919],[-121.487851,38.563488],[-121.487873,38.563436],[-121.488055,38.563022],[-121.488331,38.562371]]]},"properties":{"NAME":"Richmond Grove"}},{"type":"Feature","geometry":{"type":"Polygon","coordinates":[[[-121.418553,38.551655],[-121.421635,38.550905],[-121.427786,38.552566],[-121.427877,38.552633],[-121.427901,38.553006],[-121.427893,38.554008],[-121.42782,38.554472],[-121.427736,38.55473],[-121.426986,38.555858],[-121.426777,38.556105],[-121.42743,38.556981],[-121.429046,38.559145],[-121.430091,38.560831],[-121.430697,38.562257],[-121.431044,38.563477],[-121.432006,38.567287],[-121.426912,38.568224],[-121.423771,38.568758],[-121.422885,38.568911],[-121.42253,38.568935],[-121.422538,38.568782],[-121.422409,38.567343],[-121.422134,38.566322],[-121.421873,38.565767],[-121.421043,38.563919],[-121.420827,38.563402],[-121.420502,38.562921],[-121.420087,38.562414],[-121.420429,38.562208],[-121.421342,38.561749],[-121.421799,38.561555],[-121.42176,38.561461],[-121.42163,38.561268],[-121.421451,38.561101],[-121.421234,38.560966],[-121.420779,38.560785],[-121.420586,38.560673],[-121.420414,38.560542],[-121.420268,38.560393],[-121.420036,38.560122],[-121.419656,38.559761],[-121.419048,38.559284],[-121.418831,38.55905],[-121.418674,38.558789],[-121.418578,38.55851],[-121.418551,38.558221],[-121.418468,38.554869],[-121.418453,38.554213],[-121.415416,38.55419],[-121.415285,38.554189],[-121.412996,38.554169],[-121.412873,38.553648],[-121.412768,38.553202],[-121.412754,38.553141],[-121.412736,38.553063],[-121.412719,38.552993],[-121.414141,38.552663],[-121.415389,38.55242],[-121.417482,38.551916],[-121.418553,38.551655]]]},"properties":{"NAME":"CSUS"}},{"type":"Feature","geometry":{"type":"Polygon","coordinates":[[[-121.512122,38.542085],[-121.511973,38.544368],[-121.511917,38.545089],[-121.511952,38.545246],[-121.511966,38.545409],[-121.512551,38.547536],[-121.513567,38.549882],[-121.513965,38.550842],[-121.514572,38.552843],[-121.515659,38.555651],[-121.516524,38.557318],[-121.516939,38.55868],[-121.517988,38.559446],[-121.519001,38.560742],[-121.521466,38.563732],[-121.521728,38.565245],[-121.521093,38.567185],[-121.519617,38.568943],[-121.512182,38.566931],[-121.511701,38.566795],[-121.51069,38.566509],[-121.509903,38.566315],[-121.508632,38.566001],[-121.507255,38.565602],[-121.505893,38.565251],[-121.503265,38.564512],[-121.502458,38.564296],[-121.501929,38.564151],[-121.500627,38.563812],[-121.498524,38.563244],[-121.498962,38.562144],[-121.499513,38.560996],[-121.500386,38.559555],[-121.500842,38.558762],[-121.501292,38.557974],[-121.501578,38.557485],[-121.50186,38.557005],[-121.502193,38.556427],[-121.502244,38.556351],[-121.50242,38.556057],[-121.502634,38.555698],[-121.503043,38.554982],[-121.503111,38.554863],[-121.503356,38.554457],[-121.503594,38.554063],[-121.503954,38.553444],[-121.504013,38.55332],[-121.504227,38.552951],[-121.504435,38.552595],[-121.504755,38.55206],[-121.504958,38.551746],[-121.505287,38.551158],[-121.505409,38.550918],[-121.505568,38.55067],[-121.505766,38.550361],[-121.505882,38.550107],[-121.506137,38.549686],[-121.506325,38.549377],[-121.506693,38.548758],[-121.506881,38.548443],[-121.507343,38.547705],[-121.508596,38.545659],[-121.512122,38.542085]]]},"properties":{"NAME":"Upper Land Park"}},{"type":"Feature","geometry":{"type":"Polygon","coordinates":[[[-121.396042,38.547042],[-121.396329,38.547044],[-121.399001,38.547075],[-121.399414,38.54708],[-121.399533,38.547082],[-121.399619,38.547086],[-121.399706,38.54709],[-121.399792,38.547096],[-121.399877,38.547103],[-121.399965,38.54711],[-121.40005,38.54712],[-121.400136,38.54713],[-121.400221,38.547142],[-121.400305,38.547154],[-121.400391,38.547168],[-121.400474,38.547183],[-121.40056,38.547199],[-121.400644,38.547217],[-121.400726,38.547235],[-121.400809,38.547255],[-121.400891,38.547275],[-121.402863,38.547781],[-121.40351,38.547952],[-121.404643,38.548244],[-121.404674,38.548253],[-121.404777,38.548279],[-121.405951,38.548583],[-121.407662,38.549025],[-121.40915,38.54941],[-121.409163,38.54951],[-121.409219,38.550155],[-121.40926,38.550782],[-121.409289,38.551473],[-121.409312,38.552206],[-121.409328,38.552679],[-121.409343,38.55315],[-121.409353,38.553485],[-121.409355,38.553587],[-121.409362,38.553815],[-121.409365,38.553908],[-121.40939,38.554662],[-121.409391,38.554723],[-121.409398,38.554927],[-121.409411,38.555354],[-121.409407,38.555419],[-121.409394,38.555492],[-121.409383,38.555569],[-121.409375,38.555647],[-121.409371,38.555725],[-121.40937,38.555802],[-121.409378,38.555924],[-121.409419,38.55639],[-121.409437,38.556596],[-121.409466,38.556919],[-121.409474,38.557026],[-121.409477,38.557104],[-121.409478,38.557181],[-121.409479,38.557259],[-121.409476,38.557336],[-121.409474,38.557414],[-121.409468,38.557491],[-121.409462,38.557569],[-121.409449,38.557683],[-121.409399,38.558056],[-121.409394,38.558096],[-121.409042,38.558125],[-121.407963,38.558222],[-121.40666,38.558592],[-121.40512,38.558884],[-121.404387,38.558992],[-121.403124,38.559122],[-121.401105,38.559257],[-121.399715,38.559354],[-121.398478,38.559845],[-121.397291,38.560305],[-121.395601,38.560997],[-121.394566,38.561424],[-121.391394,38.562694],[-121.389056,38.563594],[-121.388392,38.56382],[-121.387698,38.563982],[-121.386428,38.564216],[-121.384953,38.564503],[-121.383036,38.564909],[-121.382711,38.564971],[-121.382613,38.564231],[-121.382057,38.562658],[-121.380866,38.560694],[-121.380183,38.559742],[-121.380125,38.55966],[-121.378258,38.557058],[-121.377367,38.55577],[-121.375016,38.55313],[-121.376707,38.552276],[-121.377695,38.551813],[-121.378459,38.551454],[-121.380651,38.550521],[-121.381366,38.550255],[-121.381963,38.55006],[-121.384632,38.549125],[-121.38663,38.548574],[-121.389837,38.547816],[-121.392341,38.54738],[-121.392825,38.547299],[-121.393197,38.547243],[-121.393479,38.547206],[-121.393763,38.547172],[-121.394046,38.547142],[-121.39433,38.547116],[-121.394615,38.547094],[-121.3949,38.547076],[-121.395185,38.547062],[-121.39547,38.547051],[-121.395757,38.547045],[-121.396042,38.547042]]]},"properties":{"NAME":"College/Glen"}},{"type":"Feature","geometry":{"type":"Polygon","coordinates":[[[-121.461362,38.560918],[-121.463385,38.560811],[-121.466561,38.560079],[-121.467977,38.559729],[-121.46962,38.559322],[-121.47048,38.559116],[-121.470804,38.55905],[-121.471064,38.559002],[-121.471298,38.558964],[-121.471583,38.558923],[-121.472144,38.558864],[-121.47253,38.558835],[-121.472856,38.558822],[-121.473172,38.558817],[-121.473512,38.558821],[-121.472883,38.560269],[-121.472508,38.561132],[-121.472134,38.562],[-121.47106,38.564487],[-121.470913,38.564448],[-121.470383,38.564306],[-121.469053,38.563952],[-121.460172,38.561547],[-121.461362,38.560918]]]},"properties":{"NAME":"Alhambra Triangle"}},{"type":"Feature","geometry":{"type":"Polygon","coordinates":[[[-121.480354,38.560237],[-121.480011,38.560145],[-121.477483,38.559473],[-121.476928,38.559331],[-121.475926,38.559104],[-121.475263,38.558994],[-121.474869,38.558948],[-121.474341,38.558908],[-121.473512,38.558821],[-121.473583,38.558653],[-121.474037,38.557619],[-121.474075,38.557522],[-121.474116,38.557413],[-121.474169,38.557258],[-121.474233,38.557045],[-121.4743,38.556755],[-121.474316,38.556665],[-121.474333,38.55656],[-121.474348,38.556451],[-121.474365,38.556312],[-121.474376,38.556173],[-121.474385,38.556027],[-121.474393,38.555853],[-121.474389,38.555662],[-121.474376,38.555445],[-121.474357,38.555279],[-121.47433,38.555092],[-121.474213,38.554317],[-121.474123,38.553777],[-121.474104,38.553656],[-121.474086,38.553525],[-121.474069,38.553406],[-121.474053,38.553282],[-121.474036,38.55313],[-121.474017,38.552931],[-121.474005,38.552766],[-121.473993,38.552584],[-121.473983,38.55221],[-121.473977,38.551978],[-121.473941,38.549357],[-121.47386,38.543656],[-121.473837,38.542056],[-121.473825,38.541167],[-121.473944,38.541163],[-121.474315,38.541148],[-121.474587,38.541133],[-121.475144,38.541103],[-121.475747,38.541071],[-121.475771,38.541069],[-121.475868,38.541061],[-121.475929,38.541055],[-121.475988,38.541048],[-121.47605,38.541041],[-121.476109,38.541032],[-121.476162,38.541024],[-121.476209,38.541016],[-121.484558,38.539554],[-121.486725,38.545958],[-121.488457,38.55198],[-121.48892,38.552167],[-121.489024,38.552281],[-121.489089,38.552464],[-121.489229,38.553077],[-121.489529,38.554316],[-121.489575,38.555091],[-121.489499,38.555781],[-121.489429,38.556486],[-121.489324,38.557161],[-121.489219,38.557843],[-121.488994,38.55851],[-121.488882,38.558833],[-121.488769,38.559156],[-121.488654,38.559482],[-121.488536,38.559816],[-121.488498,38.560111],[-121.488371,38.560548],[-121.488238,38.560863],[-121.488046,38.561314],[-121.487912,38.561627],[-121.48767,38.562194],[-121.487339,38.562105],[-121.486332,38.561836],[-121.485885,38.561716],[-121.483674,38.561124],[-121.482327,38.560764],[-121.480354,38.560237]]]},"properties":{"NAME":"Curtis Park"}},{"type":"Feature","geometry":{"type":"Polygon","coordinates":[[[-121.461362,38.560918],[-121.459289,38.560735],[-121.45836,38.560422],[-121.443019,38.556257],[-121.439243,38.554332],[-121.439253,38.553697],[-121.439234,38.551946],[-121.439222,38.550809],[-121.440388,38.550792],[-121.441454,38.550777],[-121.44254,38.550762],[-121.443635,38.550746],[-121.444726,38.550731],[-121.44581,38.550716],[-121.446355,38.550708],[-121.446354,38.550777],[-121.446356,38.550912],[-121.446357,38.551054],[-121.446358,38.551192],[-121.446359,38.55133],[-121.44636,38.55147],[-121.446361,38.551605],[-121.446362,38.551736],[-121.446363,38.551871],[-121.446364,38.552014],[-121.446365,38.552079],[-121.447533,38.552079],[-121.447533,38.552088],[-121.447532,38.552403],[-121.447528,38.552542],[-121.447533,38.552679],[-121.447538,38.552822],[-121.447543,38.552956],[-121.44755,38.553122],[-121.447556,38.553293],[-121.447563,38.55346],[-121.447578,38.553854],[-121.447579,38.553927],[-121.447984,38.554038],[-121.450083,38.554614],[-121.452716,38.555337],[-121.453159,38.555459],[-121.45623,38.556302],[-121.459505,38.557203],[-121.460545,38.557489],[-121.461285,38.558351],[-121.461757,38.558902],[-121.462294,38.559528],[-121.462963,38.560308],[-121.463029,38.560384],[-121.463284,38.560688],[-121.463385,38.560811],[-121.461362,38.560918]]]},"properties":{"NAME":"Elmhurst"}},{"type":"Feature","geometry":{"type":"Polygon","coordinates":[[[-121.447543,38.552956],[-121.447538,38.552822],[-121.447533,38.552679],[-121.447528,38.552542],[-121.447532,38.552403],[-121.447533,38.552088],[-121.447533,38.552079],[-121.446365,38.552079],[-121.446364,38.552014],[-121.446363,38.551871],[-121.446362,38.551736],[-121.446361,38.551605],[-121.44636,38.55147],[-121.446359,38.55133],[-121.446358,38.551192],[-121.446357,38.551054],[-121.446356,38.550912],[-121.446354,38.550777],[-121.446355,38.550708],[-121.446508,38.550706],[-121.446509,38.550596],[-121.448285,38.550557],[-121.448471,38.550561],[-121.448833,38.550782],[-121.44885,38.550791],[-121.448866,38.550799],[-121.448881,38.550808],[-121.448895,38.550816],[-121.448913,38.550824],[-121.448928,38.550832],[-121.448944,38.55084],[-121.44896,38.550848],[-121.448977,38.550855],[-121.448993,38.550862],[-121.44901,38.550869],[-121.449028,38.550876],[-121.449045,38.550882],[-121.449063,38.550888],[-121.44908,38.550894],[-121.449097,38.550899],[-121.449115,38.550905],[-121.449132,38.55091],[-121.44915,38.550915],[-121.449169,38.55092],[-121.449186,38.550924],[-121.449206,38.550928],[-121.449223,38.550932],[-121.449242,38.550936],[-121.449262,38.550939],[-121.449279,38.550943],[-121.449296,38.550945],[-121.449316,38.550948],[-121.449335,38.55095],[-121.449352,38.550953],[-121.449372,38.550954],[-121.449391,38.550956],[-121.44941,38.550957],[-121.449429,38.550958],[-121.449447,38.550959],[-121.449466,38.55096],[-121.449485,38.55096],[-121.449504,38.55096],[-121.449524,38.55096],[-121.449548,38.550959],[-121.45023,38.550956],[-121.45172,38.550949],[-121.451936,38.550963],[-121.452205,38.550988],[-121.452578,38.551008],[-121.453426,38.55101],[-121.453875,38.551011],[-121.454085,38.55103],[-121.454285,38.551071],[-121.454641,38.551152],[-121.454919,38.551193],[-121.455202,38.551203],[-121.455484,38.551182],[-121.45572,38.551825],[-121.455732,38.551857],[-121.455744,38.551888],[-121.455758,38.55192],[-121.455786,38.551981],[-121.456054,38.55253],[-121.456274,38.55298],[-121.456734,38.552839],[-121.456763,38.552832],[-121.456779,38.552829],[-121.456795,38.552827],[-121.457462,38.552753],[-121.457488,38.55275],[-121.457509,38.552749],[-121.457532,38.552748],[-121.457595,38.552746],[-121.45795,38.552739],[-121.457985,38.552738],[-121.45802,38.552738],[-121.458583,38.55274],[-121.459093,38.552742],[-121.459572,38.552744],[-121.459602,38.552745],[-121.459619,38.552746],[-121.459639,38.552747],[-121.459656,38.552748],[-121.459673,38.55275],[-121.459691,38.552751],[-121.45971,38.552754],[-121.459728,38.552756],[-121.459745,38.552758],[-121.459763,38.552761],[-121.45978,38.552764],[-121.459797,38.552767],[-121.459815,38.552771],[-121.459832,38.552775],[-121.45985,38.552779],[-121.459867,38.552783],[-121.459885,38.552787],[-121.460063,38.552835],[-121.462169,38.553398],[-121.4645,38.554021],[-121.465123,38.554188],[-121.465819,38.554374],[-121.467137,38.554727],[-121.468466,38.555082],[-121.468273,38.55553],[-121.468073,38.55599],[-121.467869,38.556465],[-121.467632,38.557014],[-121.467605,38.557072],[-121.467434,38.557571],[-121.467239,38.55813],[-121.467164,38.558347],[-121.467048,38.55868],[-121.466928,38.559022],[-121.466764,38.559497],[-121.466725,38.559605],[-121.466703,38.559667],[-121.466703,38.559669],[-121.466646,38.559833],[-121.466603,38.559958],[-121.466597,38.559973],[-121.46658,38.560026],[-121.466561,38.560079],[-121.463385,38.560811],[-121.463284,38.560688],[-121.463029,38.560384],[-121.462963,38.560308],[-121.462294,38.559528],[-121.461757,38.558902],[-121.461285,38.558351],[-121.460545,38.557489],[-121.459505,38.557203],[-121.45623,38.556302],[-121.453159,38.555459],[-121.452716,38.555337],[-121.450083,38.554614],[-121.447984,38.554038],[-121.447579,38.553927],[-121.447578,38.553854],[-121.447563,38.55346],[-121.447556,38.553293],[-121.44755,38.553122],[-121.447543,38.552956]]]},"properties":{"NAME":"Med Center"}},{"type":"Feature","geometry":{"type":"Polygon","coordinates":[[[-121.466928,38.559022],[-121.467048,38.55868],[-121.467164,38.558347],[-121.467239,38.55813],[-121.467434,38.557571],[-121.467605,38.557072],[-121.467632,38.557014],[-121.467869,38.556465],[-121.468073,38.55599],[-121.468273,38.55553],[-121.468466,38.555082],[-121.467137,38.554727],[-121.465819,38.554374],[-121.465123,38.554188],[-121.4645,38.554021],[-121.462169,38.553398],[-121.460063,38.552835],[-121.459885,38.552787],[-121.459867,38.552783],[-121.45985,38.552779],[-121.459832,38.552775],[-121.459815,38.552771],[-121.459797,38.552767],[-121.45978,38.552764],[-121.459763,38.552761],[-121.459745,38.552758],[-121.459728,38.552756],[-121.45971,38.552754],[-121.459691,38.552751],[-121.459673,38.55275],[-121.459656,38.552748],[-121.459639,38.552747],[-121.459619,38.552746],[-121.459602,38.552745],[-121.459572,38.552744],[-121.459093,38.552742],[-121.458583,38.55274],[-121.45802,38.552738],[-121.457985,38.552738],[-121.45795,38.552739],[-121.457595,38.552746],[-121.457532,38.552748],[-121.457509,38.552749],[-121.457488,38.55275],[-121.457462,38.552753],[-121.456795,38.552827],[-121.456779,38.552829],[-121.456763,38.552832],[-121.456734,38.552839],[-121.456274,38.55298],[-121.456054,38.55253],[-121.455786,38.551981],[-121.455758,38.55192],[-121.455744,38.551888],[-121.455732,38.551857],[-121.45572,38.551825],[-121.455484,38.551182],[-121.455415,38.550994],[-121.454773,38.549238],[-121.45442,38.548272],[-121.454085,38.547354],[-121.45392,38.5469],[-121.453853,38.546762],[-121.455051,38.54677],[-121.455893,38.546774],[-121.456633,38.546773],[-121.456783,38.546771],[-121.457813,38.546753],[-121.45897,38.546777],[-121.459378,38.546786],[-121.460114,38.546794],[-121.46142,38.546803],[-121.461621,38.546804],[-121.461645,38.546805],[-121.461663,38.546805],[-121.461691,38.546807],[-121.461711,38.546808],[-121.461727,38.54681],[-121.461743,38.546812],[-121.46176,38.546813],[-121.461865,38.546827],[-121.462553,38.546914],[-121.463343,38.547013],[-121.464038,38.547101],[-121.464733,38.547189],[-121.465148,38.547616],[-121.466699,38.548035],[-121.468351,38.548482],[-121.469023,38.548664],[-121.469681,38.548841],[-121.470342,38.54902],[-121.471009,38.5492],[-121.471209,38.549254],[-121.471312,38.549319],[-121.471411,38.549381],[-121.473116,38.549365],[-121.473836,38.549358],[-121.473941,38.549357],[-121.473977,38.551978],[-121.473983,38.55221],[-121.473993,38.552584],[-121.474005,38.552766],[-121.474017,38.552931],[-121.474036,38.55313],[-121.474053,38.553282],[-121.474069,38.553406],[-121.474086,38.553525],[-121.474104,38.553656],[-121.474123,38.553777],[-121.474213,38.554317],[-121.47433,38.555092],[-121.474357,38.555279],[-121.474376,38.555445],[-121.474389,38.555662],[-121.474393,38.555853],[-121.474385,38.556027],[-121.474376,38.556173],[-121.474365,38.556312],[-121.474348,38.556451],[-121.474333,38.55656],[-121.474316,38.556665],[-121.4743,38.556755],[-121.474233,38.557045],[-121.474169,38.557258],[-121.474116,38.557413],[-121.474075,38.557522],[-121.474037,38.557619],[-121.473583,38.558653],[-121.473512,38.558821],[-121.473172,38.558817],[-121.472856,38.558822],[-121.47253,38.558835],[-121.472144,38.558864],[-121.471583,38.558923],[-121.471298,38.558964],[-121.471064,38.559002],[-121.470804,38.55905],[-121.47048,38.559116],[-121.46962,38.559322],[-121.467977,38.559729],[-121.466561,38.560079],[-121.46658,38.560026],[-121.466597,38.559973],[-121.466603,38.559958],[-121.466646,38.559833],[-121.466703,38.559669],[-121.466703,38.559667],[-121.466725,38.559605],[-121.466764,38.559497],[-121.466928,38.559022]]]},"properties":{"NAME":"North Oak Park"}},{"type":"Feature","geometry":{"type":"Polygon","coordinates":[[[-121.428841,38.549331],[-121.428767,38.54933],[-121.428767,38.549386],[-121.428706,38.549368],[-121.428643,38.549355],[-121.428581,38.549347],[-121.428518,38.549344],[-121.42843,38.549345],[-121.428096,38.54935],[-121.4279,38.549353],[-121.427897,38.549064],[-121.427894,38.548585],[-121.427893,38.548277],[-121.427883,38.546917],[-121.427883,38.546863],[-121.427874,38.545422],[-121.427871,38.544912],[-121.42787,38.544639],[-121.427864,38.54387],[-121.427855,38.542392],[-121.427844,38.540472],[-121.427842,38.540437],[-121.427841,38.540403],[-121.427839,38.540369],[-121.427836,38.540334],[-121.427833,38.5403],[-121.427828,38.540266],[-121.427823,38.540232],[-121.427816,38.540197],[-121.427806,38.540146],[-121.427715,38.539728],[-121.427686,38.539602],[-121.428618,38.539593],[-121.429129,38.539587],[-121.429501,38.539583],[-121.430165,38.539577],[-121.431118,38.539566],[-121.432943,38.539547],[-121.433977,38.539537],[-121.434496,38.539531],[-121.434695,38.539529],[-121.435255,38.539523],[-121.43588,38.539516],[-121.438206,38.539492],[-121.438588,38.539488],[-121.439302,38.53948],[-121.440043,38.539473],[-121.441982,38.539452],[-121.442059,38.539452],[-121.443796,38.539445],[-121.443956,38.53944],[-121.44396,38.540015],[-121.443964,38.540349],[-121.443971,38.541255],[-121.443975,38.541671],[-121.44398,38.542161],[-121.443984,38.542721],[-121.443991,38.543454],[-121.443992,38.54352],[-121.444001,38.544433],[-121.444007,38.545207],[-121.444014,38.546071],[-121.444025,38.546676],[-121.441707,38.546701],[-121.440554,38.546713],[-121.439175,38.546727],[-121.43918,38.547159],[-121.439195,38.54859],[-121.439206,38.54943],[-121.43921,38.549828],[-121.439216,38.550345],[-121.439222,38.550809],[-121.439234,38.551946],[-121.439253,38.553697],[-121.43922,38.55369],[-121.439197,38.553686],[-121.439174,38.553681],[-121.439152,38.553677],[-121.439129,38.553671],[-121.439106,38.553666],[-121.439084,38.55366],[-121.439063,38.553654],[-121.43904,38.553648],[-121.439017,38.553641],[-121.438996,38.553634],[-121.438976,38.553627],[-121.438953,38.55362],[-121.438932,38.553612],[-121.438911,38.553604],[-121.43816,38.553308],[-121.436615,38.552715],[-121.435527,38.552383],[-121.434629,38.552104],[-121.434568,38.552085],[-121.434538,38.552074],[-121.434508,38.552063],[-121.434477,38.552052],[-121.434449,38.55204],[-121.43442,38.552028],[-121.43439,38.552016],[-121.434362,38.552003],[-121.434334,38.551989],[-121.434305,38.551976],[-121.434278,38.551962],[-121.434251,38.551947],[-121.434223,38.551933],[-121.434197,38.551917],[-121.43417,38.551902],[-121.434146,38.551888],[-121.434122,38.551873],[-121.434096,38.55186],[-121.434071,38.551847],[-121.434045,38.551834],[-121.434019,38.551821],[-121.433993,38.551809],[-121.433967,38.551797],[-121.433941,38.551785],[-121.433913,38.551774],[-121.433887,38.551763],[-121.433859,38.551753],[-121.433831,38.551743],[-121.433803,38.551734],[-121.433775,38.551724],[-121.433747,38.551715],[-121.433719,38.551707],[-121.43369,38.551698],[-121.432461,38.551361],[-121.432413,38.551347],[-121.432386,38.551338],[-121.43236,38.55133],[-121.432332,38.551321],[-121.432306,38.551311],[-121.43228,38.551301],[-121.432256,38.551291],[-121.432229,38.551281],[-121.432203,38.55127],[-121.431313,38.550881],[-121.43109,38.550783],[-121.431006,38.550746],[-121.430926,38.550709],[-121.430848,38.55067],[-121.430769,38.550631],[-121.430691,38.550591],[-121.430615,38.550549],[-121.43054,38.550507],[-121.430465,38.550463],[-121.430392,38.550419],[-121.430319,38.550373],[-121.430247,38.550327],[-121.430176,38.550279],[-121.430107,38.550231],[-121.429804,38.550015],[-121.429736,38.549968],[-121.428841,38.549331]]]},"properties":{"NAME":"Tahoe Park"}},{"type":"Feature","geometry":{"type":"Polygon","coordinates":[[[-121.454085,38.55103],[-121.453875,38.551011],[-121.453426,38.55101],[-121.452578,38.551008],[-121.452205,38.550988],[-121.451936,38.550963],[-121.45172,38.550949],[-121.45023,38.550956],[-121.449548,38.550959],[-121.449524,38.55096],[-121.449504,38.55096],[-121.449485,38.55096],[-121.449466,38.55096],[-121.449447,38.550959],[-121.449429,38.550958],[-121.44941,38.550957],[-121.449391,38.550956],[-121.449372,38.550954],[-121.449352,38.550953],[-121.449335,38.55095],[-121.449316,38.550948],[-121.449296,38.550945],[-121.449279,38.550943],[-121.449262,38.550939],[-121.449242,38.550936],[-121.449223,38.550932],[-121.449206,38.550928],[-121.449186,38.550924],[-121.449169,38.55092],[-121.44915,38.550915],[-121.449132,38.55091],[-121.449115,38.550905],[-121.449097,38.550899],[-121.44908,38.550894],[-121.449063,38.550888],[-121.449045,38.550882],[-121.449028,38.550876],[-121.44901,38.550869],[-121.448993,38.550862],[-121.448977,38.550855],[-121.44896,38.550848],[-121.448944,38.55084],[-121.448928,38.550832],[-121.448913,38.550824],[-121.448895,38.550816],[-121.448881,38.550808],[-121.448866,38.550799],[-121.44885,38.550791],[-121.448833,38.550782],[-121.448471,38.550561],[-121.448285,38.550557],[-121.446509,38.550596],[-121.446508,38.550706],[-121.446355,38.550708],[-121.44581,38.550716],[-121.444726,38.550731],[-121.443635,38.550746],[-121.44254,38.550762],[-121.441454,38.550777],[-121.440388,38.550792],[-121.439222,38.550809],[-121.439216,38.550345],[-121.43921,38.549828],[-121.439206,38.54943],[-121.439195,38.54859],[-121.43918,38.547159],[-121.439175,38.546727],[-121.440554,38.546713],[-121.441707,38.546701],[-121.444025,38.546676],[-121.444536,38.546671],[-121.445456,38.54666],[-121.445663,38.546661],[-121.445756,38.546663],[-121.44585,38.546666],[-121.445943,38.54667],[-121.446036,38.546676],[-121.446128,38.546683],[-121.446221,38.546691],[-121.446313,38.546701],[-121.446383,38.546708],[-121.446455,38.546714],[-121.446527,38.54672],[-121.446598,38.546724],[-121.44667,38.546727],[-121.446741,38.54673],[-121.446778,38.54673],[-121.450206,38.546747],[-121.452399,38.546758],[-121.452596,38.546759],[-121.452731,38.546757],[-121.453853,38.546762],[-121.45392,38.5469],[-121.454085,38.547354],[-121.45442,38.548272],[-121.454773,38.549238],[-121.455415,38.550994],[-121.455484,38.551182],[-121.455202,38.551203],[-121.454919,38.551193],[-121.454641,38.551152],[-121.454285,38.551071],[-121.454085,38.55103]]]},"properties":{"NAME":"Fairgrounds"}},{"type":"Feature","geometry":{"type":"Polygon","coordinates":[[[-121.423104,38.544689],[-121.42313,38.54462],[-121.421835,38.544615],[-121.418895,38.544606],[-121.418915,38.542248],[-121.418917,38.542223],[-121.418918,38.542209],[-121.418919,38.542195],[-121.41892,38.542181],[-121.418921,38.542168],[-121.418923,38.542154],[-121.418927,38.54214],[-121.418929,38.542127],[-121.418932,38.542113],[-121.418936,38.542099],[-121.41894,38.542086],[-121.418943,38.542072],[-121.418947,38.542059],[-121.418952,38.542045],[-121.418956,38.542032],[-121.418961,38.542019],[-121.418966,38.542006],[-121.418972,38.541993],[-121.418981,38.541975],[-121.418991,38.541954],[-121.418998,38.541941],[-121.419005,38.541928],[-121.419013,38.541916],[-121.41902,38.541903],[-121.419029,38.541891],[-121.419036,38.541879],[-121.419044,38.541867],[-121.419053,38.541855],[-121.419062,38.541843],[-121.419071,38.541831],[-121.419082,38.541819],[-121.41909,38.541808],[-121.419362,38.541494],[-121.419373,38.541482],[-121.419383,38.541469],[-121.419394,38.541456],[-121.419403,38.541443],[-121.419413,38.54143],[-121.419422,38.541417],[-121.419431,38.541404],[-121.41944,38.54139],[-121.419449,38.541377],[-121.419463,38.541349],[-121.419472,38.541335],[-121.419479,38.541321],[-121.419484,38.541307],[-121.419491,38.541293],[-121.419497,38.541279],[-121.419504,38.541264],[-121.419509,38.54125],[-121.419515,38.541235],[-121.419518,38.541221],[-121.419524,38.541206],[-121.419527,38.541191],[-121.419533,38.541177],[-121.419534,38.541162],[-121.419538,38.541147],[-121.419544,38.541117],[-121.419545,38.541102],[-121.419549,38.541087],[-121.419549,38.541072],[-121.419551,38.541057],[-121.419551,38.541042],[-121.419553,38.541016],[-121.419568,38.539613],[-121.420085,38.539612],[-121.42118,38.539611],[-121.422341,38.539609],[-121.423197,38.539608],[-121.423641,38.539608],[-121.426146,38.539604],[-121.427686,38.539602],[-121.427715,38.539728],[-121.427806,38.540146],[-121.427816,38.540197],[-121.427823,38.540232],[-121.427828,38.540266],[-121.427833,38.5403],[-121.427836,38.540334],[-121.427839,38.540369],[-121.427841,38.540403],[-121.427842,38.540437],[-121.427844,38.540472],[-121.427855,38.542392],[-121.427864,38.54387],[-121.42787,38.544639],[-121.427871,38.544912],[-121.427874,38.545422],[-121.427883,38.546863],[-121.427883,38.546917],[-121.427893,38.548277],[-121.427894,38.548585],[-121.427897,38.549064],[-121.4279,38.549353],[-121.427901,38.54948],[-121.427902,38.549761],[-121.427906,38.550396],[-121.427907,38.550499],[-121.427907,38.550553],[-121.423088,38.550529],[-121.423093,38.548664],[-121.423104,38.544689]]]},"properties":{"NAME":"Tahoe Park East"}},{"type":"Feature","geometry":{"type":"Polygon","coordinates":[[[-121.408989,38.539562],[-121.409153,38.539555],[-121.409107,38.542186],[-121.409061,38.544813],[-121.409033,38.54639],[-121.409011,38.547645],[-121.409005,38.548012],[-121.409004,38.548059],[-121.409005,38.548106],[-121.409007,38.548153],[-121.40901,38.5482],[-121.409013,38.548246],[-121.409018,38.548293],[-121.409025,38.548341],[-121.40915,38.54941],[-121.407662,38.549025],[-121.405951,38.548583],[-121.404777,38.548279],[-121.404674,38.548253],[-121.404643,38.548244],[-121.40351,38.547952],[-121.402863,38.547781],[-121.400891,38.547275],[-121.400809,38.547255],[-121.400726,38.547235],[-121.400644,38.547217],[-121.40056,38.547199],[-121.400474,38.547183],[-121.400391,38.547168],[-121.400305,38.547154],[-121.400221,38.547142],[-121.400136,38.54713],[-121.40005,38.54712],[-121.399965,38.54711],[-121.399877,38.547103],[-121.399792,38.547096],[-121.399706,38.54709],[-121.399619,38.547086],[-121.399533,38.547082],[-121.399414,38.54708],[-121.399001,38.547075],[-121.399003,38.546936],[-121.398991,38.546861],[-121.398957,38.54679],[-121.398913,38.546739],[-121.398903,38.546728],[-121.39883,38.546678],[-121.398741,38.546642],[-121.390898,38.544402],[-121.390831,38.542271],[-121.390748,38.539668],[-121.399991,38.539615],[-121.404319,38.53959],[-121.408989,38.539562]]]},"properties":{"NAME":"Granite Regional Park"}},{"type":"Feature","geometry":{"type":"Polygon","coordinates":[[[-121.45897,38.546777],[-121.457813,38.546753],[-121.456783,38.546771],[-121.456633,38.546773],[-121.455893,38.546774],[-121.455051,38.54677],[-121.453853,38.546762],[-121.453414,38.545971],[-121.453369,38.545892],[-121.453077,38.545369],[-121.453013,38.545255],[-121.452869,38.544993],[-121.452708,38.544704],[-121.452612,38.544534],[-121.452394,38.544148],[-121.452148,38.543712],[-121.452105,38.543635],[-121.45166,38.542849],[-121.451587,38.542719],[-121.451159,38.541964],[-121.451063,38.541792],[-121.450752,38.541243],[-121.45054,38.540865],[-121.450232,38.540319],[-121.450021,38.539949],[-121.449726,38.539423],[-121.451469,38.539437],[-121.453021,38.539449],[-121.454273,38.539449],[-121.454588,38.539449],[-121.455427,38.539449],[-121.455504,38.539449],[-121.456381,38.53945],[-121.45653,38.53945],[-121.457542,38.53945],[-121.457869,38.53945],[-121.459138,38.53945],[-121.459734,38.539451],[-121.460094,38.539451],[-121.460097,38.539451],[-121.460769,38.539451],[-121.461779,38.539451],[-121.462748,38.539451],[-121.462971,38.539451],[-121.463762,38.539452],[-121.463938,38.539451],[-121.464359,38.539455],[-121.464546,38.539481],[-121.464661,38.539503],[-121.464773,38.539532],[-121.464806,38.539542],[-121.464834,38.539551],[-121.46486,38.53956],[-121.464888,38.539569],[-121.464914,38.539579],[-121.464941,38.539589],[-121.464967,38.539599],[-121.464993,38.53961],[-121.465019,38.539621],[-121.465045,38.539633],[-121.465069,38.539645],[-121.465179,38.539699],[-121.46524,38.53973],[-121.465299,38.539763],[-121.465359,38.539796],[-121.465416,38.53983],[-121.465473,38.539864],[-121.465531,38.5399],[-121.465586,38.539936],[-121.46564,38.539973],[-121.465694,38.540011],[-121.465748,38.540049],[-121.4658,38.540088],[-121.465852,38.540128],[-121.465903,38.540169],[-121.465952,38.54021],[-121.466,38.540252],[-121.466049,38.540295],[-121.466096,38.540338],[-121.466141,38.540382],[-121.466186,38.540426],[-121.466231,38.540471],[-121.466283,38.540524],[-121.466311,38.540551],[-121.466339,38.540576],[-121.466366,38.540601],[-121.466396,38.540626],[-121.466431,38.540655],[-121.466455,38.540675],[-121.466485,38.540699],[-121.466516,38.540722],[-121.466547,38.540745],[-121.46658,38.540767],[-121.466613,38.540789],[-121.466645,38.54081],[-121.466679,38.540831],[-121.466712,38.540852],[-121.466747,38.540872],[-121.466782,38.540892],[-121.466817,38.540911],[-121.466853,38.540929],[-121.46689,38.540947],[-121.466925,38.540965],[-121.466981,38.540991],[-121.46701,38.541003],[-121.46704,38.541016],[-121.467062,38.541024],[-121.467099,38.541039],[-121.467129,38.54105],[-121.467158,38.541061],[-121.46719,38.541071],[-121.467221,38.541081],[-121.467251,38.54109],[-121.467282,38.541099],[-121.467314,38.541108],[-121.467345,38.541116],[-121.467376,38.541123],[-121.46741,38.541131],[-121.467441,38.541137],[-121.467472,38.541144],[-121.467506,38.54115],[-121.467537,38.541155],[-121.46757,38.54116],[-121.467603,38.541165],[-121.46764,38.54117],[-121.467668,38.541172],[-121.467701,38.541176],[-121.467734,38.541179],[-121.467768,38.541181],[-121.467801,38.541183],[-121.467834,38.541184],[-121.467893,38.541185],[-121.468131,38.541188],[-121.468808,38.541196],[-121.469196,38.541201],[-121.469659,38.541206],[-121.470328,38.541214],[-121.470559,38.541215],[-121.470767,38.541216],[-121.471155,38.541218],[-121.471542,38.541216],[-121.47229,38.541209],[-121.47233,38.541209],[-121.472919,38.541197],[-121.473091,38.541192],[-121.473337,38.541185],[-121.473706,38.541171],[-121.473825,38.541167],[-121.473837,38.542056],[-121.47386,38.543656],[-121.473941,38.549357],[-121.473836,38.549358],[-121.473116,38.549365],[-121.471411,38.549381],[-121.471312,38.549319],[-121.471209,38.549254],[-121.471009,38.5492],[-121.470342,38.54902],[-121.469681,38.548841],[-121.469023,38.548664],[-121.468351,38.548482],[-121.466699,38.548035],[-121.465148,38.547616],[-121.464733,38.547189],[-121.464038,38.547101],[-121.463343,38.547013],[-121.462553,38.546914],[-121.461865,38.546827],[-121.46176,38.546813],[-121.461743,38.546812],[-121.461727,38.54681],[-121.461711,38.546808],[-121.461691,38.546807],[-121.461663,38.546805],[-121.461645,38.546805],[-121.461621,38.546804],[-121.46142,38.546803],[-121.460114,38.546794],[-121.459378,38.546786],[-121.45897,38.546777]]]},"properties":{"NAME":"Central Oak Park"}},{"type":"Feature","geometry":{"type":"Polygon","coordinates":[[[-121.484558,38.539554],[-121.492236,38.538245],[-121.492809,38.53824],[-121.49132,38.54287],[-121.488267,38.542389],[-121.488009,38.543135],[-121.487524,38.542981],[-121.486725,38.545958],[-121.484558,38.539554]]]},"properties":{"NAME":"SCC"}},{"type":"Feature","geometry":{"type":"Polygon","coordinates":[[[-121.493793,38.535162],[-121.493919,38.534761],[-121.49723,38.524733],[-121.497327,38.524442],[-121.498053,38.522279],[-121.498203,38.521832],[-121.498246,38.521706],[-121.498674,38.520429],[-121.500204,38.520715],[-121.504741,38.521509],[-121.505514,38.521584],[-121.505519,38.521127],[-121.505545,38.520654],[-121.505572,38.520432],[-121.505638,38.520015],[-121.505662,38.519822],[-121.505675,38.519652],[-121.5057,38.519509],[-121.505749,38.51765],[-121.505793,38.516608],[-121.505841,38.516349],[-121.505885,38.516167],[-121.506033,38.515714],[-121.506067,38.515538],[-121.506107,38.514823],[-121.506128,38.513961],[-121.506226,38.511118],[-121.506247,38.510803],[-121.506255,38.510269],[-121.506246,38.510059],[-121.506214,38.509816],[-121.506192,38.509724],[-121.506124,38.509493],[-121.506054,38.509227],[-121.506007,38.50894],[-121.505981,38.508696],[-121.505997,38.508178],[-121.506017,38.507737],[-121.50604,38.506824],[-121.506044,38.506378],[-121.506061,38.505931],[-121.506067,38.505625],[-121.506097,38.504888],[-121.506091,38.504399],[-121.506016,38.503568],[-121.505917,38.502488],[-121.505922,38.502419],[-121.50592,38.501443],[-121.505916,38.500258],[-121.505914,38.499216],[-121.505913,38.498936],[-121.505912,38.498562],[-121.505908,38.497179],[-121.505906,38.496204],[-121.505904,38.49568],[-121.506572,38.495672],[-121.507468,38.495662],[-121.508301,38.495653],[-121.509262,38.495642],[-121.509988,38.495634],[-121.510952,38.495624],[-121.511928,38.495613],[-121.512305,38.495595],[-121.512946,38.495598],[-121.513448,38.495588],[-121.513799,38.495585],[-121.514399,38.495571],[-121.515484,38.495564],[-121.516389,38.495551],[-121.516485,38.495557],[-121.516674,38.496024],[-121.516815,38.496388],[-121.516962,38.496736],[-121.517109,38.497127],[-121.517282,38.497566],[-121.517347,38.498143],[-121.517379,38.498442],[-121.517391,38.49872],[-121.517376,38.498875],[-121.517511,38.500859],[-121.517665,38.501801],[-121.518116,38.50295],[-121.519074,38.504603],[-121.521033,38.507548],[-121.521737,38.508836],[-121.522027,38.509761],[-121.522212,38.511612],[-121.522173,38.512302],[-121.522001,38.516036],[-121.521979,38.516498],[-121.521793,38.520554],[-121.521568,38.524878],[-121.520894,38.526359],[-121.520002,38.527445],[-121.519294,38.528043],[-121.518441,38.529255],[-121.517987,38.530096],[-121.517827,38.530615],[-121.517745,38.530954],[-121.517666,38.531451],[-121.517554,38.532046],[-121.517471,38.532489],[-121.517352,38.532982],[-121.517342,38.533385],[-121.517137,38.533775],[-121.51701,38.534348],[-121.516617,38.534874],[-121.516165,38.53544],[-121.515757,38.535937],[-121.516464,38.536076],[-121.517539,38.536279],[-121.518457,38.536491],[-121.517707,38.536973],[-121.514743,38.539179],[-121.512905,38.541174],[-121.512638,38.541484],[-121.512019,38.541232],[-121.511621,38.541071],[-121.511292,38.540943],[-121.51075,38.540732],[-121.509989,38.540435],[-121.509144,38.540105],[-121.50856,38.539874],[-121.50816,38.539708],[-121.507686,38.539497],[-121.507458,38.539413],[-121.50677,38.539145],[-121.506378,38.538985],[-121.505458,38.538642],[-121.5049,38.538323],[-121.503833,38.537631],[-121.50344,38.537367],[-121.503188,38.537198],[-121.502608,38.536966],[-121.501547,38.536742],[-121.501325,38.536709],[-121.500505,38.536537],[-121.500256,38.536488],[-121.499309,38.536276],[-121.498689,38.536144],[-121.498542,38.53612],[-121.49777,38.535962],[-121.497561,38.53592],[-121.496749,38.535753],[-121.496634,38.535732],[-121.495632,38.535529],[-121.493962,38.535195],[-121.493793,38.535162]]]},"properties":{"NAME":"South Land Park"}},{"type":"Feature","geometry":{"type":"Polygon","coordinates":[[[-121.464359,38.539455],[-121.463938,38.539451],[-121.463762,38.539452],[-121.462971,38.539451],[-121.462748,38.539451],[-121.461779,38.539451],[-121.460769,38.539451],[-121.460097,38.539451],[-121.460096,38.539368],[-121.460095,38.538525],[-121.460094,38.538411],[-121.460094,38.538294],[-121.460094,38.538173],[-121.460094,38.538046],[-121.460093,38.537925],[-121.460093,38.537813],[-121.460093,38.537702],[-121.460093,38.537596],[-121.460093,38.537482],[-121.460092,38.537372],[-121.460092,38.537293],[-121.460092,38.537262],[-121.460091,38.537163],[-121.460091,38.537148],[-121.460091,38.537045],[-121.46009,38.537004],[-121.46009,38.536925],[-121.46009,38.536858],[-121.46009,38.536817],[-121.46009,38.536707],[-121.46009,38.5366],[-121.46009,38.536493],[-121.46009,38.536386],[-121.460091,38.536268],[-121.460091,38.536163],[-121.460091,38.536059],[-121.460091,38.535952],[-121.460091,38.535837],[-121.460092,38.535782],[-121.460091,38.535728],[-121.460092,38.535566],[-121.460092,38.535416],[-121.460092,38.535275],[-121.460092,38.535128],[-121.460093,38.534985],[-121.460093,38.534844],[-121.460093,38.534716],[-121.460093,38.5347],[-121.460093,38.53455],[-121.460093,38.534398],[-121.460092,38.534343],[-121.460093,38.534288],[-121.460092,38.534014],[-121.461235,38.534013],[-121.461235,38.533518],[-121.461655,38.533518],[-121.461749,38.533517],[-121.461837,38.533517],[-121.461998,38.533517],[-121.462179,38.533517],[-121.462355,38.533516],[-121.462527,38.533516],[-121.462695,38.533516],[-121.462874,38.533516],[-121.463047,38.533515],[-121.463212,38.533515],[-121.463397,38.533515],[-121.463567,38.533515],[-121.463737,38.533514],[-121.463924,38.533514],[-121.464096,38.533514],[-121.46427,38.533513],[-121.464603,38.533513],[-121.464726,38.533512],[-121.464723,38.53317],[-121.464722,38.533075],[-121.464718,38.532719],[-121.464714,38.532273],[-121.464713,38.532142],[-121.464054,38.532142],[-121.462906,38.532142],[-121.462331,38.532141],[-121.462331,38.532086],[-121.462332,38.531818],[-121.462332,38.531729],[-121.462332,38.53164],[-121.462332,38.531596],[-121.462332,38.531508],[-121.462332,38.531467],[-121.462333,38.531388],[-121.462333,38.531331],[-121.462333,38.531227],[-121.462333,38.531197],[-121.462333,38.531074],[-121.462333,38.531016],[-121.462333,38.530938],[-121.462333,38.530879],[-121.462333,38.530809],[-121.462334,38.530709],[-121.462334,38.530674],[-121.462334,38.530529],[-121.462334,38.530515],[-121.462335,38.530334],[-121.462334,38.53026],[-121.462335,38.5302],[-121.462334,38.530185],[-121.462334,38.530139],[-121.462335,38.530038],[-121.462335,38.529888],[-121.462335,38.529871],[-121.462335,38.529737],[-121.462335,38.529628],[-121.462335,38.529582],[-121.462336,38.529431],[-121.462336,38.529362],[-121.462336,38.529248],[-121.462336,38.529226],[-121.462336,38.529091],[-121.462336,38.529067],[-121.462336,38.528953],[-121.462336,38.528886],[-121.462337,38.528828],[-121.462337,38.528711],[-121.462337,38.528655],[-121.462337,38.528517],[-121.462337,38.528389],[-121.462336,38.528247],[-121.462335,38.528124],[-121.462335,38.52799],[-121.462334,38.527887],[-121.462334,38.527855],[-121.462333,38.527722],[-121.462332,38.527588],[-121.462331,38.527438],[-121.46233,38.527308],[-121.46233,38.527167],[-121.462329,38.527029],[-121.462328,38.526907],[-121.462328,38.526891],[-121.462328,38.526762],[-121.462328,38.526629],[-121.462329,38.52649],[-121.462329,38.526358],[-121.462329,38.526222],[-121.46233,38.526073],[-121.46233,38.525946],[-121.46233,38.525801],[-121.46233,38.525689],[-121.461709,38.525686],[-121.461647,38.525686],[-121.461656,38.524915],[-121.464164,38.524952],[-121.464227,38.524953],[-121.464639,38.524956],[-121.464833,38.524956],[-121.465029,38.524955],[-121.465057,38.524955],[-121.465249,38.524953],[-121.465499,38.524951],[-121.466351,38.524943],[-121.466615,38.52494],[-121.466786,38.524939],[-121.46744,38.524933],[-121.467666,38.524931],[-121.467765,38.525117],[-121.469635,38.52864],[-121.472417,38.533901],[-121.472506,38.534063],[-121.472583,38.534206],[-121.47264,38.534319],[-121.472818,38.534703],[-121.472988,38.535105],[-121.473143,38.535513],[-121.473284,38.535935],[-121.473407,38.536353],[-121.473474,38.53661],[-121.473533,38.536853],[-121.473612,38.537241],[-121.473657,38.53751],[-121.473674,38.537611],[-121.473683,38.537671],[-121.473698,38.537769],[-121.473722,38.537962],[-121.473769,38.538495],[-121.473779,38.53868],[-121.47379,38.538863],[-121.473795,38.539028],[-121.473798,38.53922],[-121.473808,38.539894],[-121.47382,38.540662],[-121.473825,38.541103],[-121.473825,38.541167],[-121.473706,38.541171],[-121.473337,38.541185],[-121.473091,38.541192],[-121.472919,38.541197],[-121.47233,38.541209],[-121.47229,38.541209],[-121.471542,38.541216],[-121.471155,38.541218],[-121.470767,38.541216],[-121.470559,38.541215],[-121.470328,38.541214],[-121.469659,38.541206],[-121.469196,38.541201],[-121.468808,38.541196],[-121.468131,38.541188],[-121.467893,38.541185],[-121.467834,38.541184],[-121.467801,38.541183],[-121.467768,38.541181],[-121.467734,38.541179],[-121.467701,38.541176],[-121.467668,38.541172],[-121.46764,38.54117],[-121.467603,38.541165],[-121.46757,38.54116],[-121.467537,38.541155],[-121.467506,38.54115],[-121.467472,38.541144],[-121.467441,38.541137],[-121.46741,38.541131],[-121.467376,38.541123],[-121.467345,38.541116],[-121.467314,38.541108],[-121.467282,38.541099],[-121.467251,38.54109],[-121.467221,38.541081],[-121.46719,38.541071],[-121.467158,38.541061],[-121.467129,38.54105],[-121.467099,38.541039],[-121.467062,38.541024],[-121.46704,38.541016],[-121.46701,38.541003],[-121.466981,38.540991],[-121.466925,38.540965],[-121.46689,38.540947],[-121.466853,38.540929],[-121.466817,38.540911],[-121.466782,38.540892],[-121.466747,38.540872],[-121.466712,38.540852],[-121.466679,38.540831],[-121.466645,38.54081],[-121.466613,38.540789],[-121.46658,38.540767],[-121.466547,38.540745],[-121.466516,38.540722],[-121.466485,38.540699],[-121.466455,38.540675],[-121.466431,38.540655],[-121.466396,38.540626],[-121.466366,38.540601],[-121.466339,38.540576],[-121.466311,38.540551],[-121.466283,38.540524],[-121.466231,38.540471],[-121.466186,38.540426],[-121.466141,38.540382],[-121.466096,38.540338],[-121.466049,38.540295],[-121.466,38.540252],[-121.465952,38.54021],[-121.465903,38.540169],[-121.465852,38.540128],[-121.4658,38.540088],[-121.465748,38.540049],[-121.465694,38.540011],[-121.46564,38.539973],[-121.465586,38.539936],[-121.465531,38.5399],[-121.465473,38.539864],[-121.465416,38.53983],[-121.465359,38.539796],[-121.465299,38.539763],[-121.46524,38.53973],[-121.465179,38.539699],[-121.465069,38.539645],[-121.465045,38.539633],[-121.465019,38.539621],[-121.464993,38.53961],[-121.464967,38.539599],[-121.464941,38.539589],[-121.464914,38.539579],[-121.464888,38.539569],[-121.46486,38.53956],[-121.464834,38.539551],[-121.464806,38.539542],[-121.464773,38.539532],[-121.464661,38.539503],[-121.464546,38.539481],[-121.464359,38.539455]]]},"properties":{"NAME":"South Oak Park"}},{"type":"Feature","geometry":{"type":"Polygon","coordinates":[[[-121.479615,38.524841],[-121.479725,38.52484],[-121.479972,38.524966],[-121.480434,38.526476],[-121.481108,38.528591],[-121.481132,38.528771],[-121.482677,38.53377],[-121.483219,38.535521],[-121.483402,38.535832],[-121.484558,38.539554],[-121.476209,38.541016],[-121.476162,38.541024],[-121.476109,38.541032],[-121.47605,38.541041],[-121.475988,38.541048],[-121.475929,38.541055],[-121.475868,38.541061],[-121.475771,38.541069],[-121.475747,38.541071],[-121.475144,38.541103],[-121.474587,38.541133],[-121.474315,38.541148],[-121.473944,38.541163],[-121.473825,38.541167],[-121.473825,38.541103],[-121.47382,38.540662],[-121.473808,38.539894],[-121.473798,38.53922],[-121.473795,38.539028],[-121.47379,38.538863],[-121.473779,38.53868],[-121.473769,38.538495],[-121.473722,38.537962],[-121.473698,38.537769],[-121.473683,38.537671],[-121.473674,38.537611],[-121.473657,38.53751],[-121.473612,38.537241],[-121.473533,38.536853],[-121.473474,38.53661],[-121.473407,38.536353],[-121.473284,38.535935],[-121.473143,38.535513],[-121.472988,38.535105],[-121.472818,38.534703],[-121.47264,38.534319],[-121.472583,38.534206],[-121.472506,38.534063],[-121.472417,38.533901],[-121.469635,38.52864],[-121.467765,38.525117],[-121.467666,38.524931],[-121.4678,38.52493],[-121.467997,38.524928],[-121.469659,38.524912],[-121.46978,38.524911],[-121.470161,38.524908],[-121.470512,38.524904],[-121.470596,38.524904],[-121.470755,38.524902],[-121.470913,38.524901],[-121.471154,38.524899],[-121.471189,38.524899],[-121.47176,38.524895],[-121.472438,38.524891],[-121.473279,38.524885],[-121.474057,38.524879],[-121.476941,38.524859],[-121.477301,38.524857],[-121.479615,38.524841]]]},"properties":{"NAME":"North City Farms"}},{"type":"Feature","geometry":{"type":"Polygon","coordinates":[[[-121.419014,38.539613],[-121.413488,38.53957],[-121.411244,38.539562],[-121.409291,38.539548],[-121.409153,38.539555],[-121.409158,38.538816],[-121.40916,38.538099],[-121.40916,38.537908],[-121.409162,38.537377],[-121.409165,38.536652],[-121.409168,38.535918],[-121.409169,38.535497],[-121.40917,38.535197],[-121.409172,38.534797],[-121.409174,38.534094],[-121.409178,38.533387],[-121.40918,38.532754],[-121.40918,38.532667],[-121.409181,38.532348],[-121.409182,38.532298],[-121.409181,38.532238],[-121.40918,38.532149],[-121.409177,38.531807],[-121.409172,38.530946],[-121.409163,38.529341],[-121.40916,38.52897],[-121.409159,38.528758],[-121.409153,38.527898],[-121.410013,38.527901],[-121.41002,38.528158],[-121.410023,38.528196],[-121.410025,38.528233],[-121.410028,38.528271],[-121.410033,38.528308],[-121.410038,38.528346],[-121.410043,38.528383],[-121.410049,38.528421],[-121.410058,38.528458],[-121.410064,38.528495],[-121.410075,38.528532],[-121.410085,38.528569],[-121.410095,38.528606],[-121.410107,38.528643],[-121.410127,38.528704],[-121.410656,38.530143],[-121.411198,38.53162],[-121.412641,38.531626],[-121.41264,38.531726],[-121.412642,38.531739],[-121.412644,38.531753],[-121.412645,38.531765],[-121.412649,38.531778],[-121.412654,38.531791],[-121.412659,38.531803],[-121.412664,38.531815],[-121.412671,38.531827],[-121.41268,38.531839],[-121.412687,38.531851],[-121.412697,38.531861],[-121.412706,38.531872],[-121.412716,38.531882],[-121.412728,38.531892],[-121.41274,38.531901],[-121.412753,38.53191],[-121.412765,38.531918],[-121.412779,38.531926],[-121.412793,38.531933],[-121.412812,38.531941],[-121.412831,38.531949],[-121.412847,38.531954],[-121.412862,38.531958],[-121.41288,38.531962],[-121.412895,38.531965],[-121.412911,38.531967],[-121.412929,38.531969],[-121.412944,38.53197],[-121.412958,38.53197],[-121.413462,38.531973],[-121.414318,38.531973],[-121.415159,38.531975],[-121.415984,38.531977],[-121.416807,38.531979],[-121.417623,38.531981],[-121.418445,38.531983],[-121.419286,38.531985],[-121.420098,38.531987],[-121.421166,38.531989],[-121.42297,38.531998],[-121.423036,38.531998],[-121.423112,38.531999],[-121.423231,38.532012],[-121.42405,38.532106],[-121.424172,38.532116],[-121.424326,38.532116],[-121.426123,38.532111],[-121.426481,38.53212],[-121.426584,38.532132],[-121.426718,38.532149],[-121.426848,38.532168],[-121.426986,38.532178],[-121.427148,38.532184],[-121.427576,38.532186],[-121.427554,38.532308],[-121.427443,38.532846],[-121.427414,38.532989],[-121.427407,38.533025],[-121.427401,38.53306],[-121.427396,38.533096],[-121.427392,38.533132],[-121.427388,38.533167],[-121.427385,38.533203],[-121.427383,38.533239],[-121.427382,38.53331],[-121.427378,38.536164],[-121.427375,38.538127],[-121.427375,38.538138],[-121.427376,38.53816],[-121.427378,38.538183],[-121.427379,38.538194],[-121.427381,38.538205],[-121.427383,38.538216],[-121.427386,38.538236],[-121.427686,38.539602],[-121.426146,38.539604],[-121.423641,38.539608],[-121.423197,38.539608],[-121.422341,38.539609],[-121.42118,38.539611],[-121.420085,38.539612],[-121.419568,38.539613],[-121.419014,38.539613]]]},"properties":{"NAME":"Colonial Manor"}},{"type":"Feature","geometry":{"type":"Polygon","coordinates":[[[-121.427686,38.539602],[-121.427386,38.538236],[-121.427383,38.538216],[-121.427381,38.538205],[-121.427379,38.538194],[-121.427378,38.538183],[-121.427376,38.53816],[-121.427375,38.538138],[-121.427375,38.538127],[-121.427378,38.536164],[-121.427382,38.53331],[-121.427383,38.533239],[-121.427385,38.533203],[-121.427388,38.533167],[-121.427392,38.533132],[-121.427396,38.533096],[-121.427401,38.53306],[-121.427407,38.533025],[-121.427414,38.532989],[-121.427443,38.532846],[-121.427554,38.532308],[-121.427576,38.532186],[-121.428235,38.532196],[-121.428581,38.532186],[-121.428688,38.532175],[-121.428826,38.532152],[-121.429054,38.532112],[-121.429236,38.532102],[-121.429498,38.5321],[-121.430309,38.532093],[-121.430433,38.532088],[-121.430547,38.532078],[-121.431235,38.531989],[-121.431946,38.531982],[-121.432773,38.531976],[-121.433624,38.531959],[-121.434477,38.531953],[-121.435248,38.531934],[-121.435322,38.531934],[-121.436035,38.531931],[-121.436802,38.531928],[-121.437578,38.531924],[-121.438265,38.531922],[-121.438749,38.53192],[-121.438733,38.531981],[-121.438698,38.532038],[-121.438666,38.532076],[-121.438636,38.532127],[-121.438625,38.532184],[-121.438614,38.532901],[-121.438616,38.533321],[-121.438616,38.534051],[-121.438612,38.534931],[-121.438608,38.535882],[-121.438606,38.536624],[-121.438599,38.537261],[-121.4386,38.538042],[-121.438597,38.538633],[-121.438588,38.539488],[-121.438206,38.539492],[-121.43588,38.539516],[-121.435255,38.539523],[-121.434695,38.539529],[-121.434496,38.539531],[-121.433977,38.539537],[-121.432943,38.539547],[-121.431118,38.539566],[-121.430165,38.539577],[-121.429501,38.539583],[-121.429129,38.539587],[-121.428618,38.539593],[-121.427686,38.539602]]]},"properties":{"NAME":"Tahoe Park South"}},{"type":"Feature","geometry":{"type":"Polygon","coordinates":[[[-121.445317,38.530853],[-121.445317,38.530853],[-121.445479,38.531198],[-121.445572,38.531397],[-121.445783,38.531843],[-121.445946,38.532188],[-121.446163,38.532674],[-121.446389,38.533179],[-121.446483,38.533386],[-121.446533,38.5335],[-121.446622,38.533699],[-121.447411,38.535176],[-121.447827,38.535952],[-121.44798,38.536237],[-121.448485,38.53718],[-121.448531,38.537266],[-121.448685,38.537547],[-121.448883,38.537903],[-121.449183,38.538443],[-121.44924,38.538545],[-121.449293,38.538645],[-121.449726,38.539423],[-121.449656,38.539423],[-121.448695,38.539427],[-121.447422,38.539432],[-121.445606,38.539438],[-121.44545,38.539439],[-121.443956,38.53944],[-121.443796,38.539445],[-121.442059,38.539452],[-121.441982,38.539452],[-121.440043,38.539473],[-121.439302,38.53948],[-121.438588,38.539488],[-121.438597,38.538633],[-121.4386,38.538042],[-121.438599,38.537261],[-121.438606,38.536624],[-121.438608,38.535882],[-121.438612,38.534931],[-121.438616,38.534051],[-121.438616,38.533321],[-121.438614,38.532901],[-121.438625,38.532184],[-121.438636,38.532127],[-121.438666,38.532076],[-121.438698,38.532038],[-121.438733,38.531981],[-121.438749,38.53192],[-121.438744,38.531222],[-121.44158,38.531212],[-121.441577,38.530874],[-121.441577,38.530873],[-121.441598,38.530873],[-121.441765,38.530871],[-121.441948,38.530868],[-121.442124,38.530866],[-121.442297,38.530863],[-121.442473,38.530861],[-121.442652,38.530858],[-121.442826,38.530856],[-121.443182,38.530851],[-121.443287,38.530851],[-121.443392,38.530851],[-121.443556,38.530851],[-121.443733,38.530851],[-121.443908,38.530852],[-121.444085,38.530852],[-121.444259,38.530852],[-121.444434,38.530852],[-121.444614,38.530852],[-121.444788,38.530852],[-121.444965,38.530852],[-121.445168,38.530852],[-121.445317,38.530853]]]},"properties":{"NAME":"Colonial Heights"}},{"type":"Feature","geometry":{"type":"Polygon","coordinates":[[[-121.484558,38.539554],[-121.483402,38.535832],[-121.483307,38.535332],[-121.483245,38.534231],[-121.48324,38.53285],[-121.485496,38.533136],[-121.488057,38.533631],[-121.488689,38.533721],[-121.493262,38.534569],[-121.493919,38.534761],[-121.493793,38.535162],[-121.492809,38.53824],[-121.492236,38.538245],[-121.484558,38.539554]]]},"properties":{"NAME":"Carleton Tract"}},{"type":"Feature","geometry":{"type":"Polygon","coordinates":[[[-121.521793,38.520554],[-121.524465,38.520832],[-121.524486,38.521284],[-121.525643,38.522315],[-121.527011,38.523678],[-121.529042,38.525419],[-121.529137,38.525648],[-121.530283,38.527632],[-121.530559,38.530006],[-121.529579,38.531514],[-121.525163,38.533328],[-121.521311,38.534769],[-121.518457,38.536491],[-121.517539,38.536279],[-121.516464,38.536076],[-121.515757,38.535937],[-121.516165,38.53544],[-121.516617,38.534874],[-121.51701,38.534348],[-121.517137,38.533775],[-121.517342,38.533385],[-121.517352,38.532982],[-121.517471,38.532489],[-121.517554,38.532046],[-121.517666,38.531451],[-121.517745,38.530954],[-121.517827,38.530615],[-121.517987,38.530096],[-121.518441,38.529255],[-121.519294,38.528043],[-121.520002,38.527445],[-121.520894,38.526359],[-121.521568,38.524878],[-121.521793,38.520554]]]},"properties":{"NAME":"Little Pocket"}},{"type":"Feature","geometry":{"type":"Polygon","coordinates":[[[-121.48324,38.53285],[-121.483212,38.524971],[-121.483181,38.52487],[-121.490199,38.524746],[-121.494671,38.524762],[-121.494944,38.524748],[-121.49723,38.524733],[-121.493919,38.534761],[-121.493262,38.534569],[-121.488689,38.533721],[-121.488057,38.533631],[-121.485496,38.533136],[-121.48324,38.53285]]]},"properties":{"NAME":"Hollywood Park"}},{"type":"Feature","geometry":{"type":"Polygon","coordinates":[[[-121.453381,38.532971],[-121.45338,38.532186],[-121.453107,38.532185],[-121.452958,38.532185],[-121.452842,38.532184],[-121.452694,38.532184],[-121.452493,38.532183],[-121.452052,38.532182],[-121.451912,38.532189],[-121.451568,38.532188],[-121.45132,38.532187],[-121.451285,38.532187],[-121.450992,38.532189],[-121.450893,38.532189],[-121.450814,38.53219],[-121.450642,38.532191],[-121.450481,38.532191],[-121.450474,38.532192],[-121.450428,38.532192],[-121.449944,38.532194],[-121.449804,38.532192],[-121.449697,38.532192],[-121.449558,38.532192],[-121.449418,38.532192],[-121.449402,38.532192],[-121.449268,38.532191],[-121.449124,38.532191],[-121.448994,38.532191],[-121.448974,38.532191],[-121.448838,38.532191],[-121.448692,38.532191],[-121.448546,38.532191],[-121.448511,38.532191],[-121.446556,38.532189],[-121.446094,38.532189],[-121.445946,38.532188],[-121.445783,38.531843],[-121.445572,38.531397],[-121.445479,38.531198],[-121.445317,38.530853],[-121.444848,38.529857],[-121.444841,38.52984],[-121.444833,38.529824],[-121.444074,38.528174],[-121.443733,38.527433],[-121.442604,38.52498],[-121.443205,38.524974],[-121.443901,38.524968],[-121.444416,38.524964],[-121.444417,38.524964],[-121.445419,38.524954],[-121.446669,38.524942],[-121.447616,38.524937],[-121.448193,38.524932],[-121.448541,38.524929],[-121.448807,38.524929],[-121.449055,38.524929],[-121.449422,38.524928],[-121.449899,38.524928],[-121.450338,38.524927],[-121.451275,38.524926],[-121.452278,38.524925],[-121.45277,38.524924],[-121.452769,38.525034],[-121.452774,38.525335],[-121.452777,38.525598],[-121.452782,38.525928],[-121.452783,38.526043],[-121.452785,38.526214],[-121.452786,38.526246],[-121.452787,38.526369],[-121.452788,38.526474],[-121.452789,38.526522],[-121.452791,38.526676],[-121.452792,38.526757],[-121.452793,38.52683],[-121.452795,38.526981],[-121.452797,38.527186],[-121.452797,38.527301],[-121.4528,38.527542],[-121.452802,38.527692],[-121.452802,38.527733],[-121.452804,38.527855],[-121.452804,38.527883],[-121.452808,38.528126],[-121.452814,38.528247],[-121.452813,38.528507],[-121.452812,38.528576],[-121.452812,38.528787],[-121.452811,38.528974],[-121.453083,38.528975],[-121.453246,38.528975],[-121.453333,38.528975],[-121.453605,38.528975],[-121.453609,38.529711],[-121.453608,38.529766],[-121.455727,38.529771],[-121.455727,38.529826],[-121.455727,38.529983],[-121.455727,38.530119],[-121.455727,38.530254],[-121.455727,38.53039],[-121.455727,38.530571],[-121.455224,38.530571],[-121.454695,38.530571],[-121.454179,38.53057],[-121.453853,38.53057],[-121.453649,38.53057],[-121.453405,38.53057],[-121.45336,38.53057],[-121.452825,38.53057],[-121.452825,38.530586],[-121.452824,38.530766],[-121.452824,38.530947],[-121.452823,38.531125],[-121.452822,38.531328],[-121.452841,38.531443],[-121.453633,38.531442],[-121.453636,38.532187],[-121.453917,38.532188],[-121.454181,38.532189],[-121.45445,38.532189],[-121.454704,38.53219],[-121.454881,38.532191],[-121.455233,38.532192],[-121.455365,38.532192],[-121.455371,38.532981],[-121.455375,38.533634],[-121.453381,38.533633],[-121.453381,38.532971]]]},"properties":{"NAME":"Lawrence Park"}},{"type":"Feature","geometry":{"type":"Polygon","coordinates":[[[-121.427528,38.525082],[-121.428184,38.525077],[-121.429442,38.525075],[-121.431183,38.525058],[-121.431302,38.525056],[-121.431921,38.525052],[-121.432401,38.525049],[-121.432861,38.525046],[-121.43369,38.52504],[-121.433826,38.525039],[-121.43452,38.525035],[-121.435357,38.525029],[-121.436177,38.525023],[-121.436752,38.52502],[-121.437028,38.525017],[-121.437853,38.525012],[-121.438704,38.525006],[-121.438719,38.527154],[-121.438729,38.52878],[-121.438733,38.529391],[-121.438737,38.529997],[-121.438741,38.530604],[-121.438744,38.531222],[-121.438749,38.53192],[-121.438265,38.531922],[-121.437578,38.531924],[-121.436802,38.531928],[-121.436035,38.531931],[-121.435322,38.531934],[-121.435248,38.531934],[-121.434477,38.531953],[-121.433624,38.531959],[-121.432773,38.531976],[-121.431946,38.531982],[-121.431235,38.531989],[-121.430547,38.532078],[-121.430433,38.532088],[-121.430309,38.532093],[-121.429498,38.5321],[-121.429236,38.532102],[-121.429054,38.532112],[-121.428826,38.532152],[-121.428688,38.532175],[-121.428581,38.532186],[-121.428235,38.532196],[-121.427576,38.532186],[-121.427696,38.531595],[-121.427713,38.531507],[-121.427727,38.531419],[-121.42774,38.531331],[-121.427752,38.531242],[-121.427759,38.531153],[-121.427767,38.531065],[-121.427771,38.530976],[-121.427775,38.530886],[-121.427776,38.530773],[-121.427755,38.527144],[-121.427754,38.527047],[-121.427749,38.52695],[-121.427745,38.526854],[-121.427737,38.526757],[-121.427725,38.526661],[-121.427714,38.526564],[-121.42754,38.525323],[-121.427534,38.525268],[-121.427531,38.525241],[-121.427529,38.525213],[-121.427529,38.525185],[-121.427528,38.525158],[-121.427528,38.525082]]]},"properties":{"NAME":"Tallac Village"}},{"type":"Feature","geometry":{"type":"Polygon","coordinates":[[[-121.409136,38.525123],[-121.409137,38.525069],[-121.409207,38.525068],[-121.41169,38.525069],[-121.411813,38.52507],[-121.411891,38.525069],[-121.412653,38.52507],[-121.413494,38.52507],[-121.414336,38.525071],[-121.414445,38.525071],[-121.415186,38.525072],[-121.416009,38.525073],[-121.416822,38.525074],[-121.41711,38.525074],[-121.419265,38.525076],[-121.41995,38.525076],[-121.420104,38.525076],[-121.420932,38.525077],[-121.421509,38.525071],[-121.421761,38.525071],[-121.422577,38.525073],[-121.423022,38.525074],[-121.423046,38.528946],[-121.423036,38.531998],[-121.42297,38.531998],[-121.421166,38.531989],[-121.420098,38.531987],[-121.419286,38.531985],[-121.418445,38.531983],[-121.417623,38.531981],[-121.416807,38.531979],[-121.415984,38.531977],[-121.415159,38.531975],[-121.414318,38.531973],[-121.413462,38.531973],[-121.412958,38.53197],[-121.412944,38.53197],[-121.412929,38.531969],[-121.412911,38.531967],[-121.412895,38.531965],[-121.41288,38.531962],[-121.412862,38.531958],[-121.412847,38.531954],[-121.412831,38.531949],[-121.412812,38.531941],[-121.412793,38.531933],[-121.412779,38.531926],[-121.412765,38.531918],[-121.412753,38.53191],[-121.41274,38.531901],[-121.412728,38.531892],[-121.412716,38.531882],[-121.412706,38.531872],[-121.412697,38.531861],[-121.412687,38.531851],[-121.41268,38.531839],[-121.412671,38.531827],[-121.412664,38.531815],[-121.412659,38.531803],[-121.412654,38.531791],[-121.412649,38.531778],[-121.412645,38.531765],[-121.412644,38.531753],[-121.412642,38.531739],[-121.41264,38.531726],[-121.412641,38.531626],[-121.411198,38.53162],[-121.410656,38.530143],[-121.410127,38.528704],[-121.410107,38.528643],[-121.410095,38.528606],[-121.410085,38.528569],[-121.410075,38.528532],[-121.410064,38.528495],[-121.410058,38.528458],[-121.410049,38.528421],[-121.410043,38.528383],[-121.410038,38.528346],[-121.410033,38.528308],[-121.410028,38.528271],[-121.410025,38.528233],[-121.410023,38.528196],[-121.41002,38.528158],[-121.410013,38.527901],[-121.409153,38.527898],[-121.409136,38.525123]]]},"properties":{"NAME":"Colonial Village"}},{"type":"Feature","geometry":{"type":"Polygon","coordinates":[[[-121.438719,38.527154],[-121.438704,38.525006],[-121.437853,38.525012],[-121.437028,38.525017],[-121.436752,38.52502],[-121.436177,38.525023],[-121.435357,38.525029],[-121.43452,38.525035],[-121.433826,38.525039],[-121.43369,38.52504],[-121.432861,38.525046],[-121.432401,38.525049],[-121.431921,38.525052],[-121.431302,38.525056],[-121.431183,38.525058],[-121.429442,38.525075],[-121.428184,38.525077],[-121.427528,38.525082],[-121.42749,38.525082],[-121.42742,38.525082],[-121.425371,38.525078],[-121.423395,38.525074],[-121.423397,38.524142],[-121.423398,38.523756],[-121.423399,38.52364],[-121.4234,38.523266],[-121.423419,38.521444],[-121.42338,38.521444],[-121.423455,38.521172],[-121.423429,38.521166],[-121.423421,38.521163],[-121.423422,38.521096],[-121.423419,38.520397],[-121.423416,38.519465],[-121.423412,38.518143],[-121.423411,38.517872],[-121.423411,38.517849],[-121.423412,38.517832],[-121.423413,38.517816],[-121.423415,38.517799],[-121.423417,38.517783],[-121.423419,38.517766],[-121.423421,38.51775],[-121.423425,38.517734],[-121.423426,38.517717],[-121.42343,38.517701],[-121.423434,38.517685],[-121.423439,38.517669],[-121.423443,38.517653],[-121.423448,38.517637],[-121.423453,38.517621],[-121.423459,38.517605],[-121.423466,38.517589],[-121.423471,38.517573],[-121.423509,38.517487],[-121.423657,38.517132],[-121.423667,38.517106],[-121.423678,38.517079],[-121.423687,38.517052],[-121.423696,38.517026],[-121.423705,38.516999],[-121.423712,38.516971],[-121.423719,38.516944],[-121.423726,38.516917],[-121.423732,38.51689],[-121.423737,38.516862],[-121.423743,38.516834],[-121.423747,38.516807],[-121.42375,38.516779],[-121.423754,38.516751],[-121.423756,38.516724],[-121.423758,38.516696],[-121.423758,38.516668],[-121.423759,38.516626],[-121.423756,38.516032],[-121.42434,38.516027],[-121.425793,38.516014],[-121.427472,38.515998],[-121.429955,38.515976],[-121.432849,38.515951],[-121.435022,38.515931],[-121.438218,38.515902],[-121.438365,38.51586],[-121.43977,38.518823],[-121.440983,38.521458],[-121.441985,38.523635],[-121.442171,38.523636],[-121.442555,38.523633],[-121.442593,38.523633],[-121.442627,38.523632],[-121.442758,38.523631],[-121.443168,38.523628],[-121.443372,38.523627],[-121.443552,38.523626],[-121.443775,38.523624],[-121.443983,38.523623],[-121.444196,38.523621],[-121.444405,38.52362],[-121.444408,38.523881],[-121.444409,38.523991],[-121.444411,38.524268],[-121.444411,38.524279],[-121.444413,38.524401],[-121.444414,38.524539],[-121.444417,38.524854],[-121.444417,38.524964],[-121.444416,38.524964],[-121.443901,38.524968],[-121.443205,38.524974],[-121.442604,38.52498],[-121.443733,38.527433],[-121.444074,38.528174],[-121.444833,38.529824],[-121.444841,38.52984],[-121.444848,38.529857],[-121.445317,38.530853],[-121.445317,38.530853],[-121.445168,38.530852],[-121.444965,38.530852],[-121.444788,38.530852],[-121.444614,38.530852],[-121.444434,38.530852],[-121.444259,38.530852],[-121.444085,38.530852],[-121.443908,38.530852],[-121.443733,38.530851],[-121.443556,38.530851],[-121.443392,38.530851],[-121.443287,38.530851],[-121.443182,38.530851],[-121.442826,38.530856],[-121.442652,38.530858],[-121.442473,38.530861],[-121.442297,38.530863],[-121.442124,38.530866],[-121.441948,38.530868],[-121.441765,38.530871],[-121.441598,38.530873],[-121.441577,38.530873],[-121.441577,38.530874],[-121.44158,38.531212],[-121.438744,38.531222],[-121.438741,38.530604],[-121.438737,38.529997],[-121.438733,38.529391],[-121.438729,38.52878],[-121.438719,38.527154]]]},"properties":{"NAME":"Fruitridge Manor"}},{"type":"Feature","geometry":{"type":"Polygon","coordinates":[[[-121.368426,38.525134],[-121.368387,38.523934],[-121.368097,38.523938],[-121.36778,38.523943],[-121.367427,38.523948],[-121.367413,38.523295],[-121.36739,38.522157],[-121.367389,38.522102],[-121.370067,38.522094],[-121.370069,38.521969],[-121.37008,38.521],[-121.370098,38.519322],[-121.370112,38.51924],[-121.369907,38.51924],[-121.369921,38.518054],[-121.369922,38.517979],[-121.369729,38.517979],[-121.368047,38.517997],[-121.367293,38.518005],[-121.367158,38.518007],[-121.367158,38.517973],[-121.367158,38.517939],[-121.367159,38.517359],[-121.36716,38.516443],[-121.36716,38.516374],[-121.367161,38.516031],[-121.367161,38.515784],[-121.367162,38.515454],[-121.367162,38.515111],[-121.367163,38.514767],[-121.367159,38.514352],[-121.367734,38.514346],[-121.369763,38.514325],[-121.370148,38.514317],[-121.370143,38.513415],[-121.370133,38.511666],[-121.370135,38.511561],[-121.370141,38.511464],[-121.370152,38.511367],[-121.370186,38.511174],[-121.370222,38.511031],[-121.370252,38.510936],[-121.370289,38.510837],[-121.370348,38.510712],[-121.371683,38.510706],[-121.372071,38.510704],[-121.375548,38.510688],[-121.382457,38.510687],[-121.382524,38.510686],[-121.384231,38.510664],[-121.384672,38.510659],[-121.384745,38.510658],[-121.38601,38.510656],[-121.39054,38.510564],[-121.390561,38.511002],[-121.390579,38.513018],[-121.390612,38.516451],[-121.390612,38.516511],[-121.390611,38.516572],[-121.390617,38.517335],[-121.390629,38.517991],[-121.390631,38.518106],[-121.390648,38.518798],[-121.390713,38.521438],[-121.390714,38.521498],[-121.390716,38.521522],[-121.390717,38.521606],[-121.390707,38.525184],[-121.390559,38.525184],[-121.388163,38.525192],[-121.388031,38.525192],[-121.385885,38.525199],[-121.385425,38.5252],[-121.385226,38.525201],[-121.385027,38.525202],[-121.384824,38.525202],[-121.375896,38.525231],[-121.37586,38.52523],[-121.375398,38.52523],[-121.374004,38.525227],[-121.373516,38.525229],[-121.370573,38.525245],[-121.37044,38.525247],[-121.370307,38.52525],[-121.368433,38.525258],[-121.368426,38.525148],[-121.368426,38.525134]]]},"properties":{"NAME":"Florin Fruitridge Industrial Park"}},{"type":"Feature","geometry":{"type":"Polygon","coordinates":[[[-121.390561,38.511002],[-121.39054,38.510564],[-121.396495,38.510599],[-121.399038,38.510585],[-121.402203,38.510568],[-121.407596,38.525078],[-121.405877,38.525089],[-121.402343,38.525112],[-121.401556,38.525116],[-121.399027,38.525132],[-121.395823,38.525152],[-121.391267,38.52518],[-121.390847,38.525183],[-121.390777,38.525183],[-121.390707,38.525184],[-121.390717,38.521606],[-121.390716,38.521522],[-121.390714,38.521498],[-121.390713,38.521438],[-121.390648,38.518798],[-121.390631,38.518106],[-121.390629,38.517991],[-121.390617,38.517335],[-121.390611,38.516572],[-121.390612,38.516511],[-121.390612,38.516451],[-121.390579,38.513018],[-121.390561,38.511002]]]},"properties":{"NAME":"Depot Park"}},{"type":"Feature","geometry":{"type":"Polygon","coordinates":[[[-121.409121,38.516161],[-121.411133,38.516143],[-121.41431,38.516115],[-121.415252,38.516107],[-121.416916,38.516092],[-121.418803,38.516076],[-121.419932,38.516066],[-121.420712,38.516059],[-121.421409,38.516052],[-121.422503,38.516043],[-121.423466,38.516034],[-121.423756,38.516032],[-121.423759,38.516626],[-121.423758,38.516668],[-121.423758,38.516696],[-121.423756,38.516724],[-121.423754,38.516751],[-121.42375,38.516779],[-121.423747,38.516807],[-121.423743,38.516834],[-121.423737,38.516862],[-121.423732,38.51689],[-121.423726,38.516917],[-121.423719,38.516944],[-121.423712,38.516971],[-121.423705,38.516999],[-121.423696,38.517026],[-121.423687,38.517052],[-121.423678,38.517079],[-121.423667,38.517106],[-121.423657,38.517132],[-121.423509,38.517487],[-121.423471,38.517573],[-121.423466,38.517589],[-121.423459,38.517605],[-121.423453,38.517621],[-121.423448,38.517637],[-121.423443,38.517653],[-121.423439,38.517669],[-121.423434,38.517685],[-121.42343,38.517701],[-121.423426,38.517717],[-121.423425,38.517734],[-121.423421,38.51775],[-121.423419,38.517766],[-121.423417,38.517783],[-121.423415,38.517799],[-121.423413,38.517816],[-121.423412,38.517832],[-121.423411,38.517849],[-121.423411,38.517872],[-121.423412,38.518143],[-121.423416,38.519465],[-121.423419,38.520397],[-121.423422,38.521096],[-121.423421,38.521163],[-121.423429,38.521166],[-121.423455,38.521172],[-121.42338,38.521444],[-121.423419,38.521444],[-121.4234,38.523266],[-121.423399,38.52364],[-121.423398,38.523756],[-121.423397,38.524142],[-121.423395,38.525074],[-121.423022,38.525074],[-121.422577,38.525073],[-121.421761,38.525071],[-121.421509,38.525071],[-121.420932,38.525077],[-121.420104,38.525076],[-121.41995,38.525076],[-121.419265,38.525076],[-121.41711,38.525074],[-121.416822,38.525074],[-121.416009,38.525073],[-121.415186,38.525072],[-121.414445,38.525071],[-121.414336,38.525071],[-121.413494,38.52507],[-121.412653,38.52507],[-121.411891,38.525069],[-121.411813,38.52507],[-121.41169,38.525069],[-121.409207,38.525068],[-121.409137,38.525069],[-121.409137,38.525014],[-121.409137,38.524455],[-121.409135,38.523966],[-121.409133,38.523156],[-121.409133,38.523039],[-121.409131,38.522131],[-121.409132,38.521682],[-121.409131,38.521318],[-121.409123,38.520515],[-121.409129,38.51971],[-121.409128,38.519548],[-121.409127,38.518912],[-121.409126,38.517922],[-121.409124,38.517072],[-121.409123,38.516279],[-121.409121,38.516161]]]},"properties":{"NAME":"Avondale"}},{"type":"Feature","geometry":{"type":"Polygon","coordinates":[[[-121.476883,38.517589],[-121.477351,38.517584],[-121.477387,38.517701],[-121.477521,38.518133],[-121.477614,38.51843],[-121.477696,38.518692],[-121.477759,38.518897],[-121.477805,38.519044],[-121.47784,38.519156],[-121.477888,38.51931],[-121.477984,38.51962],[-121.478027,38.519755],[-121.478107,38.520014],[-121.478183,38.520256],[-121.478252,38.52048],[-121.478353,38.520802],[-121.478387,38.520912],[-121.478482,38.521246],[-121.478576,38.521577],[-121.478611,38.521687],[-121.478717,38.522019],[-121.478821,38.522345],[-121.478855,38.522454],[-121.479032,38.52301],[-121.479213,38.523579],[-121.479248,38.523688],[-121.479423,38.524238],[-121.479572,38.524704],[-121.479605,38.524809],[-121.479615,38.524841],[-121.477301,38.524857],[-121.476941,38.524859],[-121.474057,38.524879],[-121.473279,38.524885],[-121.472438,38.524891],[-121.47176,38.524895],[-121.471759,38.524882],[-121.47147,38.52368],[-121.471169,38.522423],[-121.470984,38.521653],[-121.47095,38.521508],[-121.470802,38.520892],[-121.470787,38.520831],[-121.47074,38.520642],[-121.470689,38.520454],[-121.470646,38.520266],[-121.470605,38.52012],[-121.470515,38.519832],[-121.470342,38.51935],[-121.470232,38.519057],[-121.469934,38.518236],[-121.469719,38.517615],[-121.474644,38.517601],[-121.476883,38.517589]]]},"properties":{"NAME":"South City Farms"}},{"type":"Feature","geometry":{"type":"Polygon","coordinates":[[[-121.48318,38.524587],[-121.483162,38.521375],[-121.48546,38.521359],[-121.487556,38.52132],[-121.487569,38.522122],[-121.489306,38.52213],[-121.489326,38.521897],[-121.490632,38.521879],[-121.49282,38.521864],[-121.494647,38.521829],[-121.496101,38.521821],[-121.498203,38.521832],[-121.498053,38.522279],[-121.497327,38.524442],[-121.49723,38.524733],[-121.494944,38.524748],[-121.494671,38.524762],[-121.490199,38.524746],[-121.483181,38.52487],[-121.483181,38.524816],[-121.48318,38.524587]]]},"properties":{"NAME":"Mangan Park"}},{"type":"Feature","geometry":{"type":"Polygon","coordinates":[[[-121.483049,38.51025],[-121.483066,38.51025],[-121.483076,38.511382],[-121.48316,38.52108],[-121.483162,38.521375],[-121.48318,38.524587],[-121.483181,38.524816],[-121.480267,38.524836],[-121.479923,38.524839],[-121.479725,38.52484],[-121.479615,38.524841],[-121.479605,38.524809],[-121.479572,38.524704],[-121.479423,38.524238],[-121.479248,38.523688],[-121.479213,38.523579],[-121.479032,38.52301],[-121.478855,38.522454],[-121.478821,38.522345],[-121.478717,38.522019],[-121.478611,38.521687],[-121.478576,38.521577],[-121.478482,38.521246],[-121.478387,38.520912],[-121.478353,38.520802],[-121.478252,38.52048],[-121.478183,38.520256],[-121.478107,38.520014],[-121.478027,38.519755],[-121.477984,38.51962],[-121.477888,38.51931],[-121.47784,38.519156],[-121.477805,38.519044],[-121.477759,38.518897],[-121.477696,38.518692],[-121.477614,38.51843],[-121.477521,38.518133],[-121.477387,38.517701],[-121.477351,38.517584],[-121.475117,38.510441],[-121.475081,38.510334],[-121.481864,38.510263],[-121.483049,38.51025]]]},"properties":{"NAME":"Brentwood"}},{"type":"Feature","geometry":{"type":"Polygon","coordinates":[[[-121.487569,38.522122],[-121.487556,38.52132],[-121.48546,38.521359],[-121.483162,38.521375],[-121.48316,38.52108],[-121.483076,38.511382],[-121.483066,38.51025],[-121.483064,38.51018],[-121.48306,38.509221],[-121.483063,38.509125],[-121.484337,38.509153],[-121.487244,38.510272],[-121.487747,38.510275],[-121.488016,38.51017],[-121.488315,38.510382],[-121.491857,38.511846],[-121.491856,38.507423],[-121.49177,38.505316],[-121.491741,38.504657],[-121.49168,38.503841],[-121.491618,38.503208],[-121.49162,38.502945],[-121.491691,38.502419],[-121.491831,38.501445],[-121.491807,38.500155],[-121.491742,38.499865],[-121.491347,38.498863],[-121.491254,38.497888],[-121.492393,38.497893],[-121.492728,38.497815],[-121.492735,38.496868],[-121.49508,38.496904],[-121.495076,38.497378],[-121.495142,38.497615],[-121.495375,38.497959],[-121.495641,38.498118],[-121.496176,38.498225],[-121.496813,38.498228],[-121.497685,38.498074],[-121.498157,38.49776],[-121.498226,38.497418],[-121.500974,38.497351],[-121.500937,38.497877],[-121.500966,38.498483],[-121.501165,38.498721],[-121.501599,38.499065],[-121.502034,38.499172],[-121.505914,38.499216],[-121.505916,38.500258],[-121.50592,38.501443],[-121.505922,38.502419],[-121.505917,38.502488],[-121.505694,38.503194],[-121.505363,38.504317],[-121.505047,38.50503],[-121.504326,38.506626],[-121.503265,38.508733],[-121.503016,38.509226],[-121.502779,38.509691],[-121.502506,38.510227],[-121.502373,38.510489],[-121.501886,38.511501],[-121.50174,38.511795],[-121.501327,38.512625],[-121.501043,38.513141],[-121.500596,38.514469],[-121.500155,38.515795],[-121.500046,38.51614],[-121.499868,38.516708],[-121.499623,38.517463],[-121.499503,38.517817],[-121.499346,38.518263],[-121.499187,38.518715],[-121.498824,38.519926],[-121.498674,38.520429],[-121.498246,38.521706],[-121.498203,38.521832],[-121.496101,38.521821],[-121.494647,38.521829],[-121.49282,38.521864],[-121.490632,38.521879],[-121.489326,38.521897],[-121.489306,38.52213],[-121.487569,38.522122]]]},"properties":{"NAME":"Airport"}},{"type":"Feature","geometry":{"type":"Polygon","coordinates":[[[-121.498674,38.520429],[-121.498824,38.519926],[-121.499187,38.518715],[-121.499346,38.518263],[-121.499503,38.517817],[-121.499623,38.517463],[-121.499868,38.516708],[-121.500046,38.51614],[-121.500155,38.515795],[-121.500596,38.514469],[-121.501043,38.513141],[-121.501327,38.512625],[-121.50174,38.511795],[-121.501886,38.511501],[-121.502373,38.510489],[-121.502506,38.510227],[-121.502779,38.509691],[-121.503016,38.509226],[-121.503265,38.508733],[-121.504326,38.506626],[-121.505047,38.50503],[-121.505363,38.504317],[-121.505694,38.503194],[-121.505917,38.502488],[-121.506016,38.503568],[-121.506091,38.504399],[-121.506097,38.504888],[-121.506067,38.505625],[-121.506061,38.505931],[-121.506044,38.506378],[-121.50604,38.506824],[-121.506017,38.507737],[-121.505997,38.508178],[-121.505981,38.508696],[-121.506007,38.50894],[-121.506054,38.509227],[-121.506124,38.509493],[-121.506192,38.509724],[-121.506214,38.509816],[-121.506246,38.510059],[-121.506255,38.510269],[-121.506247,38.510803],[-121.506226,38.511118],[-121.506128,38.513961],[-121.506107,38.514823],[-121.506067,38.515538],[-121.506033,38.515714],[-121.505885,38.516167],[-121.505841,38.516349],[-121.505793,38.516608],[-121.505749,38.51765],[-121.5057,38.519509],[-121.505675,38.519652],[-121.505662,38.519822],[-121.505638,38.520015],[-121.505572,38.520432],[-121.505545,38.520654],[-121.505519,38.521127],[-121.505514,38.521584],[-121.504741,38.521509],[-121.500204,38.520715],[-121.498674,38.520429]]]},"properties":{"NAME":"Freeport Manor"}},{"type":"Feature","geometry":{"type":"Polygon","coordinates":[[[-121.521793,38.520554],[-121.521979,38.516498],[-121.522001,38.516036],[-121.522173,38.512302],[-121.522212,38.511612],[-121.522027,38.509761],[-121.521737,38.508836],[-121.521033,38.507548],[-121.519074,38.504603],[-121.518116,38.50295],[-121.517665,38.501801],[-121.517511,38.500859],[-121.517376,38.498875],[-121.517391,38.49872],[-121.517379,38.498442],[-121.517347,38.498143],[-121.517282,38.497566],[-121.517109,38.497127],[-121.516962,38.496736],[-121.516815,38.496388],[-121.516674,38.496024],[-121.516485,38.495557],[-121.519844,38.495519],[-121.52158,38.495526],[-121.523651,38.495876],[-121.524614,38.496145],[-121.525433,38.4963],[-121.526203,38.496417],[-121.530923,38.497421],[-121.532609,38.497731],[-121.533523,38.497925],[-121.533813,38.498039],[-121.534101,38.498116],[-121.534389,38.498269],[-121.534677,38.498498],[-121.535013,38.498802],[-121.535395,38.499259],[-121.535729,38.500018],[-121.536585,38.501803],[-121.537299,38.503321],[-121.537968,38.504271],[-121.538494,38.504918],[-121.538876,38.505564],[-121.539643,38.506211],[-121.540794,38.507239],[-121.541513,38.507962],[-121.541847,38.508418],[-121.542325,38.509064],[-121.542753,38.510051],[-121.544605,38.514606],[-121.545074,38.515768],[-121.541218,38.516716],[-121.537024,38.517284],[-121.531999,38.517485],[-121.527669,38.518118],[-121.52547,38.519191],[-121.524433,38.520478],[-121.524465,38.520832],[-121.521793,38.520554]]]},"properties":{"NAME":"Greenhaven"}},{"type":"Feature","geometry":{"type":"Polygon","coordinates":[[[-121.40905,38.503341],[-121.409024,38.501931],[-121.409006,38.500999],[-121.409003,38.500845],[-121.409001,38.500691],[-121.408996,38.500055],[-121.408992,38.499672],[-121.409167,38.499672],[-121.409354,38.499671],[-121.40946,38.499671],[-121.409758,38.49967],[-121.409812,38.49967],[-121.410016,38.499669],[-121.410142,38.499669],[-121.410226,38.499668],[-121.410442,38.499668],[-121.41057,38.499667],[-121.41066,38.499667],[-121.410832,38.499666],[-121.410867,38.499666],[-121.41104,38.499666],[-121.411075,38.499666],[-121.411273,38.499665],[-121.411296,38.499665],[-121.411479,38.499664],[-121.411511,38.499664],[-121.411692,38.499664],[-121.411753,38.499663],[-121.411922,38.499663],[-121.411979,38.499663],[-121.41213,38.499662],[-121.412219,38.499662],[-121.412343,38.499661],[-121.41246,38.499661],[-121.41257,38.499661],[-121.412702,38.49966],[-121.412782,38.49966],[-121.412923,38.49966],[-121.41301,38.499659],[-121.413163,38.499659],[-121.413221,38.499659],[-121.413398,38.499658],[-121.413429,38.499658],[-121.413638,38.499657],[-121.413655,38.499657],[-121.413871,38.499657],[-121.4139,38.499656],[-121.414104,38.499656],[-121.414127,38.499656],[-121.41434,38.499655],[-121.414356,38.499655],[-121.414575,38.499654],[-121.414587,38.499654],[-121.414803,38.499654],[-121.414812,38.499654],[-121.41504,38.499653],[-121.415296,38.499652],[-121.415435,38.499654],[-121.415439,38.499871],[-121.41544,38.499926],[-121.415451,38.500585],[-121.415452,38.500598],[-121.415456,38.500611],[-121.415473,38.500642],[-121.41548,38.500662],[-121.415483,38.500683],[-121.415481,38.500704],[-121.415476,38.500724],[-121.415467,38.500744],[-121.415454,38.500762],[-121.41546,38.501135],[-121.415774,38.501136],[-121.415976,38.501137],[-121.415977,38.501353],[-121.415978,38.501462],[-121.415978,38.501613],[-121.415979,38.501691],[-121.415979,38.501778],[-121.41598,38.501922],[-121.41598,38.501944],[-121.415981,38.502111],[-121.415981,38.502275],[-121.415981,38.50228],[-121.415982,38.502442],[-121.415982,38.502497],[-121.415983,38.502605],[-121.415983,38.502784],[-121.415982,38.502927],[-121.415984,38.503297],[-121.416697,38.503293],[-121.416692,38.503749],[-121.416687,38.504079],[-121.416685,38.504107],[-121.416685,38.504129],[-121.416683,38.504152],[-121.416681,38.504174],[-121.416678,38.504197],[-121.416676,38.50422],[-121.416672,38.504242],[-121.416667,38.504265],[-121.416663,38.504287],[-121.416657,38.504309],[-121.416652,38.504331],[-121.416645,38.504353],[-121.416639,38.504375],[-121.416632,38.504399],[-121.416625,38.504422],[-121.41662,38.504446],[-121.416614,38.504469],[-121.416609,38.504493],[-121.416605,38.504517],[-121.4166,38.50454],[-121.416598,38.504564],[-121.416594,38.504588],[-121.416592,38.504612],[-121.41659,38.504636],[-121.416588,38.504659],[-121.416588,38.504693],[-121.416586,38.505332],[-121.416585,38.505508],[-121.416583,38.506362],[-121.416579,38.507343],[-121.416576,38.508251],[-121.416575,38.508581],[-121.416574,38.508798],[-121.416573,38.508819],[-121.416573,38.508833],[-121.416571,38.508847],[-121.416571,38.508862],[-121.41657,38.508876],[-121.416567,38.508893],[-121.416566,38.508905],[-121.416562,38.508919],[-121.41656,38.508933],[-121.416557,38.508947],[-121.416553,38.508961],[-121.416549,38.508975],[-121.416544,38.508989],[-121.416541,38.509003],[-121.416535,38.509016],[-121.41653,38.509031],[-121.416524,38.509044],[-121.416519,38.509058],[-121.416514,38.509071],[-121.416507,38.509085],[-121.416501,38.509098],[-121.416494,38.509111],[-121.416487,38.509124],[-121.41648,38.509137],[-121.416471,38.50915],[-121.416464,38.509163],[-121.416455,38.509176],[-121.416446,38.509189],[-121.416438,38.509201],[-121.416429,38.509214],[-121.41642,38.509226],[-121.416409,38.509238],[-121.4164,38.50925],[-121.41639,38.509262],[-121.416379,38.509273],[-121.416369,38.509285],[-121.416356,38.509296],[-121.416346,38.509308],[-121.416335,38.509319],[-121.416323,38.50933],[-121.416311,38.50934],[-121.416298,38.509351],[-121.416286,38.509362],[-121.416274,38.509372],[-121.416261,38.509382],[-121.416247,38.509392],[-121.416233,38.509403],[-121.416219,38.509414],[-121.416205,38.509426],[-121.416191,38.509437],[-121.416177,38.509449],[-121.416163,38.509461],[-121.41615,38.509473],[-121.416138,38.509485],[-121.416126,38.509498],[-121.416113,38.509511],[-121.416101,38.509524],[-121.416089,38.509537],[-121.416078,38.50955],[-121.416068,38.509563],[-121.416057,38.509577],[-121.416046,38.50959],[-121.416036,38.509604],[-121.416025,38.509618],[-121.416016,38.509632],[-121.416008,38.509646],[-121.415999,38.50966],[-121.41599,38.509675],[-121.415981,38.509689],[-121.415974,38.509704],[-121.415965,38.509719],[-121.415958,38.509733],[-121.415951,38.509748],[-121.415945,38.509763],[-121.415938,38.509779],[-121.415933,38.509794],[-121.415928,38.509809],[-121.415922,38.509824],[-121.415917,38.50984],[-121.415911,38.509855],[-121.415908,38.509871],[-121.415904,38.509887],[-121.415901,38.509902],[-121.415897,38.509918],[-121.415893,38.509934],[-121.415891,38.50995],[-121.41589,38.509965],[-121.415888,38.509981],[-121.415886,38.509997],[-121.415886,38.510013],[-121.415884,38.510043],[-121.415876,38.510546],[-121.415235,38.510547],[-121.415239,38.511533],[-121.415241,38.512403],[-121.415246,38.514066],[-121.415249,38.515196],[-121.415252,38.516107],[-121.41431,38.516115],[-121.411133,38.516143],[-121.409121,38.516161],[-121.409104,38.515304],[-121.409089,38.514565],[-121.409072,38.513635],[-121.409066,38.513289],[-121.409071,38.51273],[-121.409082,38.511816],[-121.409092,38.510786],[-121.409094,38.510556],[-121.409075,38.509782],[-121.409073,38.509343],[-121.409071,38.50853],[-121.409068,38.507784],[-121.409067,38.507558],[-121.409067,38.507311],[-121.409066,38.50707],[-121.409066,38.506828],[-121.409063,38.505728],[-121.409061,38.505294],[-121.409061,38.505166],[-121.409057,38.504387],[-121.409056,38.504008],[-121.409055,38.503688],[-121.409053,38.503477],[-121.40905,38.503341]]]},"properties":{"NAME":"Glen Elder"}},{"type":"Feature","geometry":{"type":"Polygon","coordinates":[[[-121.416588,38.504693],[-121.416588,38.504659],[-121.41659,38.504636],[-121.416592,38.504612],[-121.416594,38.504588],[-121.416598,38.504564],[-121.4166,38.50454],[-121.416605,38.504517],[-121.416609,38.504493],[-121.416614,38.504469],[-121.41662,38.504446],[-121.416625,38.504422],[-121.416632,38.504399],[-121.416639,38.504375],[-121.416645,38.504353],[-121.416652,38.504331],[-121.416657,38.504309],[-121.416663,38.504287],[-121.416667,38.504265],[-121.416672,38.504242],[-121.416676,38.50422],[-121.416678,38.504197],[-121.416681,38.504174],[-121.416683,38.504152],[-121.416685,38.504129],[-121.416685,38.504107],[-121.416687,38.504079],[-121.416692,38.503749],[-121.416697,38.503293],[-121.416788,38.503293],[-121.417138,38.503293],[-121.417367,38.503293],[-121.417555,38.503293],[-121.41774,38.503293],[-121.417786,38.503294],[-121.417952,38.503294],[-121.418146,38.503294],[-121.418354,38.503294],[-121.418459,38.503294],[-121.418594,38.503294],[-121.418869,38.503293],[-121.419236,38.503291],[-121.419264,38.503291],[-121.419446,38.50329],[-121.419606,38.50329],[-121.419714,38.503289],[-121.419777,38.503289],[-121.419933,38.503288],[-121.420143,38.503286],[-121.420355,38.503284],[-121.420567,38.503282],[-121.420775,38.50328],[-121.420986,38.503278],[-121.42119,38.503276],[-121.421424,38.503273],[-121.42165,38.503271],[-121.42188,38.503269],[-121.422057,38.503267],[-121.422224,38.503266],[-121.422503,38.503263],[-121.422931,38.503259],[-121.422935,38.503755],[-121.42293,38.504223],[-121.423723,38.50422],[-121.424642,38.504216],[-121.425302,38.504664],[-121.426094,38.504715],[-121.426719,38.504712],[-121.4269,38.504698],[-121.427243,38.504693],[-121.427417,38.504694],[-121.427422,38.505386],[-121.427425,38.505909],[-121.427442,38.508611],[-121.427451,38.509897],[-121.427453,38.510321],[-121.427454,38.510399],[-121.427458,38.510489],[-121.42746,38.510527],[-121.427461,38.510878],[-121.427468,38.513899],[-121.427472,38.515938],[-121.427472,38.515998],[-121.425793,38.516014],[-121.42434,38.516027],[-121.423756,38.516032],[-121.423466,38.516034],[-121.422503,38.516043],[-121.421409,38.516052],[-121.420712,38.516059],[-121.419932,38.516066],[-121.418803,38.516076],[-121.416916,38.516092],[-121.415252,38.516107],[-121.415249,38.515196],[-121.415246,38.514066],[-121.415241,38.512403],[-121.415239,38.511533],[-121.415235,38.510547],[-121.415876,38.510546],[-121.415884,38.510043],[-121.415886,38.510013],[-121.415886,38.509997],[-121.415888,38.509981],[-121.41589,38.509965],[-121.415891,38.50995],[-121.415893,38.509934],[-121.415897,38.509918],[-121.415901,38.509902],[-121.415904,38.509887],[-121.415908,38.509871],[-121.415911,38.509855],[-121.415917,38.50984],[-121.415922,38.509824],[-121.415928,38.509809],[-121.415933,38.509794],[-121.415938,38.509779],[-121.415945,38.509763],[-121.415951,38.509748],[-121.415958,38.509733],[-121.415965,38.509719],[-121.415974,38.509704],[-121.415981,38.509689],[-121.41599,38.509675],[-121.415999,38.50966],[-121.416008,38.509646],[-121.416016,38.509632],[-121.416025,38.509618],[-121.416036,38.509604],[-121.416046,38.50959],[-121.416057,38.509577],[-121.416068,38.509563],[-121.416078,38.50955],[-121.416089,38.509537],[-121.416101,38.509524],[-121.416113,38.509511],[-121.416126,38.509498],[-121.416138,38.509485],[-121.41615,38.509473],[-121.416163,38.509461],[-121.416177,38.509449],[-121.416191,38.509437],[-121.416205,38.509426],[-121.416219,38.509414],[-121.416233,38.509403],[-121.416247,38.509392],[-121.416261,38.509382],[-121.416274,38.509372],[-121.416286,38.509362],[-121.416298,38.509351],[-121.416311,38.50934],[-121.416323,38.50933],[-121.416335,38.509319],[-121.416346,38.509308],[-121.416356,38.509296],[-121.416369,38.509285],[-121.416379,38.509273],[-121.41639,38.509262],[-121.4164,38.50925],[-121.416409,38.509238],[-121.41642,38.509226],[-121.416429,38.509214],[-121.416438,38.509201],[-121.416446,38.509189],[-121.416455,38.509176],[-121.416464,38.509163],[-121.416471,38.50915],[-121.41648,38.509137],[-121.416487,38.509124],[-121.416494,38.509111],[-121.416501,38.509098],[-121.416507,38.509085],[-121.416514,38.509071],[-121.416519,38.509058],[-121.416524,38.509044],[-121.41653,38.509031],[-121.416535,38.509016],[-121.416541,38.509003],[-121.416544,38.508989],[-121.416549,38.508975],[-121.416553,38.508961],[-121.416557,38.508947],[-121.41656,38.508933],[-121.416562,38.508919],[-121.416566,38.508905],[-121.416567,38.508893],[-121.41657,38.508876],[-121.416571,38.508862],[-121.416571,38.508847],[-121.416573,38.508833],[-121.416573,38.508819],[-121.416574,38.508798],[-121.416575,38.508581],[-121.416576,38.508251],[-121.416579,38.507343],[-121.416583,38.506362],[-121.416585,38.505508],[-121.416586,38.505332],[-121.416588,38.504693]]]},"properties":{"NAME":"Southeast Village"}},{"type":"Feature","geometry":{"type":"Polygon","coordinates":[[[-121.516485,38.495557],[-121.514925,38.491768],[-121.513308,38.487655],[-121.511881,38.484076],[-121.510692,38.481181],[-121.50959,38.479694],[-121.508293,38.478396],[-121.506562,38.476943],[-121.504032,38.475226],[-121.503965,38.47499],[-121.503983,38.472431],[-121.503236,38.469803],[-121.50409,38.469701],[-121.505058,38.469548],[-121.505193,38.469835],[-121.505728,38.470864],[-121.508392,38.472553],[-121.514913,38.474148],[-121.520961,38.474273],[-121.528797,38.47361],[-121.537807,38.474286],[-121.542662,38.476093],[-121.545128,38.478421],[-121.547108,38.481023],[-121.55842,38.495338],[-121.559434,38.497505],[-121.55941,38.5015],[-121.557238,38.50775],[-121.553361,38.513408],[-121.549435,38.514695],[-121.545074,38.515768],[-121.544605,38.514606],[-121.542753,38.510051],[-121.542325,38.509064],[-121.541847,38.508418],[-121.541513,38.507962],[-121.540794,38.507239],[-121.539643,38.506211],[-121.538876,38.505564],[-121.538494,38.504918],[-121.537968,38.504271],[-121.537299,38.503321],[-121.536585,38.501803],[-121.535729,38.500018],[-121.535395,38.499259],[-121.535013,38.498802],[-121.534677,38.498498],[-121.534389,38.498269],[-121.534101,38.498116],[-121.533813,38.498039],[-121.533523,38.497925],[-121.532609,38.497731],[-121.530923,38.497421],[-121.526203,38.496417],[-121.525433,38.4963],[-121.524614,38.496145],[-121.523651,38.495876],[-121.52158,38.495526],[-121.519844,38.495519],[-121.516485,38.495557]]]},"properties":{"NAME":"Pocket"}},{"type":"Feature","geometry":{"type":"Polygon","coordinates":[[[-121.483063,38.509125],[-121.483014,38.509058],[-121.483033,38.508396],[-121.483015,38.507533],[-121.482941,38.507399],[-121.482936,38.507207],[-121.482927,38.506934],[-121.482914,38.506484],[-121.482888,38.506236],[-121.482867,38.505767],[-121.482889,38.505606],[-121.482881,38.505115],[-121.482869,38.504666],[-121.482833,38.503193],[-121.482828,38.502994],[-121.482821,38.502597],[-121.482812,38.501364],[-121.48281,38.501122],[-121.482798,38.499489],[-121.482797,38.499253],[-121.482792,38.498624],[-121.48279,38.4984],[-121.482788,38.498077],[-121.48273,38.495979],[-121.482714,38.495792],[-121.483158,38.495771],[-121.485326,38.495739],[-121.485792,38.495732],[-121.49126,38.495731],[-121.491871,38.495734],[-121.493415,38.495763],[-121.49564,38.495823],[-121.499245,38.495694],[-121.501445,38.495689],[-121.502637,38.495686],[-121.503793,38.495683],[-121.505006,38.495681],[-121.505904,38.49568],[-121.505906,38.496204],[-121.505908,38.497179],[-121.505912,38.498562],[-121.505913,38.498936],[-121.505914,38.499216],[-121.502034,38.499172],[-121.501599,38.499065],[-121.501165,38.498721],[-121.500966,38.498483],[-121.500937,38.497877],[-121.500974,38.497351],[-121.498226,38.497418],[-121.498157,38.49776],[-121.497685,38.498074],[-121.496813,38.498228],[-121.496176,38.498225],[-121.495641,38.498118],[-121.495375,38.497959],[-121.495142,38.497615],[-121.495076,38.497378],[-121.49508,38.496904],[-121.492735,38.496868],[-121.492728,38.497815],[-121.492393,38.497893],[-121.491254,38.497888],[-121.491347,38.498863],[-121.491742,38.499865],[-121.491807,38.500155],[-121.491831,38.501445],[-121.491691,38.502419],[-121.49162,38.502945],[-121.491618,38.503208],[-121.49168,38.503841],[-121.491741,38.504657],[-121.49177,38.505316],[-121.491856,38.507423],[-121.491857,38.511846],[-121.488315,38.510382],[-121.488016,38.51017],[-121.487747,38.510275],[-121.487244,38.510272],[-121.484337,38.509153],[-121.483063,38.509125]]]},"properties":{"NAME":"Golf Course Terrace"}},{"type":"Feature","geometry":{"type":"Polygon","coordinates":[[[-121.482492,38.495793],[-121.482714,38.495792],[-121.48273,38.495979],[-121.482788,38.498077],[-121.48279,38.4984],[-121.482792,38.498624],[-121.482797,38.499253],[-121.482798,38.499489],[-121.48281,38.501122],[-121.482812,38.501364],[-121.482821,38.502597],[-121.482828,38.502994],[-121.482833,38.503193],[-121.482869,38.504666],[-121.482881,38.505115],[-121.482889,38.505606],[-121.482867,38.505767],[-121.482888,38.506236],[-121.482914,38.506484],[-121.482927,38.506934],[-121.482936,38.507207],[-121.482941,38.507399],[-121.483015,38.507533],[-121.483033,38.508396],[-121.483014,38.509058],[-121.483063,38.509125],[-121.48306,38.509221],[-121.483064,38.51018],[-121.483066,38.51025],[-121.483049,38.51025],[-121.481864,38.510263],[-121.475081,38.510334],[-121.475061,38.510274],[-121.474338,38.507853],[-121.474276,38.507648],[-121.473787,38.506024],[-121.473432,38.504872],[-121.472854,38.503017],[-121.472049,38.500613],[-121.471836,38.499878],[-121.47157,38.498959],[-121.470675,38.495866],[-121.470758,38.495865],[-121.470954,38.495861],[-121.471148,38.495854],[-121.472988,38.495833],[-121.473884,38.495821],[-121.477571,38.495829],[-121.4793,38.495806],[-121.480274,38.495802],[-121.482492,38.495793]]]},"properties":{"NAME":"Woodbine"}},{"type":"Feature","geometry":{"type":"Polygon","coordinates":[[[-121.419058,38.474394],[-121.419513,38.474354],[-121.42641,38.474216],[-121.428206,38.47425],[-121.436667,38.474271],[-121.43732,38.474269],[-121.440632,38.474276],[-121.44194,38.474273],[-121.449657,38.474303],[-121.450803,38.474307],[-121.454738,38.474268],[-121.458185,38.474352],[-121.464163,38.474446],[-121.464216,38.474632],[-121.464384,38.475197],[-121.464576,38.475815],[-121.464853,38.476685],[-121.465113,38.477546],[-121.465281,38.478073],[-121.465484,38.478705],[-121.465895,38.480049],[-121.466371,38.481542],[-121.46653,38.482204],[-121.466605,38.482538],[-121.466677,38.482781],[-121.466937,38.48365],[-121.467122,38.484257],[-121.467519,38.485504],[-121.46783,38.486542],[-121.468262,38.487935],[-121.468566,38.488954],[-121.469018,38.490372],[-121.46929,38.491236],[-121.469666,38.492453],[-121.470758,38.495865],[-121.470675,38.495866],[-121.47157,38.498959],[-121.471836,38.499878],[-121.472049,38.500613],[-121.47117,38.50061],[-121.469463,38.500612],[-121.469067,38.500612],[-121.468658,38.500611],[-121.467788,38.50061],[-121.467778,38.501109],[-121.466744,38.501109],[-121.46673,38.501618],[-121.465901,38.501621],[-121.465884,38.502111],[-121.465867,38.5026],[-121.46585,38.503089],[-121.465848,38.503171],[-121.464527,38.503176],[-121.464526,38.503094],[-121.464524,38.502731],[-121.464524,38.50266],[-121.464522,38.502248],[-121.464522,38.502201],[-121.464522,38.502064],[-121.464521,38.501927],[-121.464521,38.501836],[-121.46452,38.501729],[-121.464519,38.501424],[-121.464518,38.501012],[-121.464516,38.500601],[-121.464516,38.500586],[-121.464515,38.500262],[-121.461552,38.500269],[-121.461435,38.50005],[-121.460353,38.498018],[-121.459793,38.496969],[-121.459509,38.496432],[-121.459289,38.496018],[-121.458508,38.494552],[-121.458422,38.494389],[-121.458017,38.493629],[-121.457816,38.493251],[-121.457177,38.49205],[-121.456867,38.491455],[-121.456609,38.490953],[-121.456577,38.49089],[-121.456239,38.490236],[-121.455893,38.489566],[-121.455545,38.488883],[-121.455258,38.488191],[-121.454994,38.487548],[-121.454715,38.486866],[-121.454458,38.48615],[-121.454263,38.485603],[-121.454106,38.485164],[-121.448654,38.485151],[-121.447213,38.485182],[-121.447211,38.483898],[-121.440876,38.485018],[-121.440725,38.481587],[-121.430865,38.48155],[-121.428549,38.479393],[-121.426567,38.477483],[-121.420615,38.477514],[-121.419058,38.474394]]]},"properties":{"NAME":"Parkway"}},{"type":"Feature","geometry":{"type":"Polygon","coordinates":[[[-121.464163,38.474446],[-121.464146,38.474376],[-121.46389,38.473512],[-121.463497,38.472275],[-121.462875,38.470258],[-121.462367,38.468543],[-121.461701,38.466385],[-121.461288,38.465006],[-121.461034,38.463537],[-121.460688,38.46335],[-121.46152,38.463571],[-121.461023,38.460081],[-121.460849,38.460099],[-121.460687,38.458826],[-121.464436,38.45974],[-121.474628,38.459733],[-121.475014,38.459605],[-121.475303,38.459504],[-121.475589,38.459399],[-121.475873,38.45929],[-121.476154,38.459178],[-121.476432,38.459061],[-121.476708,38.458941],[-121.476982,38.458817],[-121.477252,38.458689],[-121.47752,38.458558],[-121.477785,38.458422],[-121.477341,38.456347],[-121.482544,38.456219],[-121.482512,38.458081],[-121.493095,38.45674],[-121.493723,38.458689],[-121.494976,38.458483],[-121.499712,38.457706],[-121.500109,38.459283],[-121.501108,38.459129],[-121.501735,38.461542],[-121.50064,38.461726],[-121.500803,38.462337],[-121.501893,38.462153],[-121.501919,38.462249],[-121.501366,38.462334],[-121.50163,38.463262],[-121.501074,38.463354],[-121.50122,38.463899],[-121.501224,38.464494],[-121.501119,38.464511],[-121.501409,38.465776],[-121.502693,38.465569],[-121.50278,38.465735],[-121.503064,38.466375],[-121.503138,38.469718],[-121.503236,38.469803],[-121.503983,38.472431],[-121.503965,38.47499],[-121.504032,38.475226],[-121.504511,38.476921],[-121.504966,38.480466],[-121.505041,38.481239],[-121.505418,38.483514],[-121.505432,38.483619],[-121.505872,38.487183],[-121.506245,38.489286],[-121.506115,38.490893],[-121.506069,38.49188],[-121.506068,38.492013],[-121.506048,38.492141],[-121.506039,38.49243],[-121.506038,38.49256],[-121.506035,38.49264],[-121.506019,38.493036],[-121.50601,38.493264],[-121.505993,38.493584],[-121.505929,38.495211],[-121.505904,38.49568],[-121.505006,38.495681],[-121.503793,38.495683],[-121.502637,38.495686],[-121.501445,38.495689],[-121.499245,38.495694],[-121.49564,38.495823],[-121.493415,38.495763],[-121.491871,38.495734],[-121.49126,38.495731],[-121.485792,38.495732],[-121.485326,38.495739],[-121.483158,38.495771],[-121.482714,38.495792],[-121.482492,38.495793],[-121.480274,38.495802],[-121.4793,38.495806],[-121.477571,38.495829],[-121.473884,38.495821],[-121.472988,38.495833],[-121.471148,38.495854],[-121.470954,38.495861],[-121.470758,38.495865],[-121.469666,38.492453],[-121.46929,38.491236],[-121.469018,38.490372],[-121.468566,38.488954],[-121.468262,38.487935],[-121.46783,38.486542],[-121.467519,38.485504],[-121.467122,38.484257],[-121.466937,38.48365],[-121.466677,38.482781],[-121.466605,38.482538],[-121.46653,38.482204],[-121.466371,38.481542],[-121.465895,38.480049],[-121.465484,38.478705],[-121.465281,38.478073],[-121.465113,38.477546],[-121.464853,38.476685],[-121.464576,38.475815],[-121.464384,38.475197],[-121.464216,38.474632],[-121.464163,38.474446]]]},"properties":{"NAME":"Meadowview"}},{"type":"Feature","geometry":{"type":"Polygon","coordinates":[[[-121.505904,38.49568],[-121.505929,38.495211],[-121.505993,38.493584],[-121.50601,38.493264],[-121.506019,38.493036],[-121.506035,38.49264],[-121.506038,38.49256],[-121.506039,38.49243],[-121.506048,38.492141],[-121.506068,38.492013],[-121.506069,38.49188],[-121.506115,38.490893],[-121.506245,38.489286],[-121.505872,38.487183],[-121.505432,38.483619],[-121.505418,38.483514],[-121.505041,38.481239],[-121.504966,38.480466],[-121.504511,38.476921],[-121.504032,38.475226],[-121.506562,38.476943],[-121.508293,38.478396],[-121.50959,38.479694],[-121.510692,38.481181],[-121.511881,38.484076],[-121.513308,38.487655],[-121.514925,38.491768],[-121.516485,38.495557],[-121.516389,38.495551],[-121.515484,38.495564],[-121.514399,38.495571],[-121.513799,38.495585],[-121.513448,38.495588],[-121.512946,38.495598],[-121.512305,38.495595],[-121.511928,38.495613],[-121.510952,38.495624],[-121.509988,38.495634],[-121.509262,38.495642],[-121.508301,38.495653],[-121.507468,38.495662],[-121.506572,38.495672],[-121.505904,38.49568]]]},"properties":{"NAME":"Z\u0027berg Park"}},{"type":"Feature","geometry":{"type":"Polygon","coordinates":[[[-121.460688,38.46335],[-121.461034,38.463537],[-121.461288,38.465006],[-121.461701,38.466385],[-121.462367,38.468543],[-121.462875,38.470258],[-121.463497,38.472275],[-121.46389,38.473512],[-121.464146,38.474376],[-121.464163,38.474446],[-121.458185,38.474352],[-121.454738,38.474268],[-121.450803,38.474307],[-121.449657,38.474303],[-121.44194,38.474273],[-121.440632,38.474276],[-121.43732,38.474269],[-121.436667,38.474271],[-121.428206,38.47425],[-121.42641,38.474216],[-121.419513,38.474354],[-121.419058,38.474394],[-121.418015,38.472166],[-121.416832,38.469591],[-121.416091,38.467992],[-121.413647,38.463019],[-121.412128,38.459596],[-121.411298,38.45815],[-121.411727,38.458149],[-121.411726,38.457456],[-121.411264,38.456735],[-121.410722,38.456367],[-121.410324,38.455875],[-121.409837,38.454848],[-121.409487,38.454123],[-121.409035,38.453153],[-121.408808,38.452846],[-121.408616,38.452523],[-121.408806,38.452272],[-121.408404,38.451302],[-121.408118,38.450888],[-121.408395,38.450708],[-121.40846,38.450489],[-121.408085,38.450422],[-121.407718,38.450256],[-121.407104,38.448766],[-121.407027,38.448121],[-121.407074,38.447851],[-121.40719,38.447166],[-121.407577,38.447099],[-121.407584,38.446989],[-121.40693,38.446781],[-121.405937,38.446031],[-121.405504,38.44546],[-121.404954,38.444511],[-121.405012,38.444429],[-121.404958,38.444227],[-121.404554,38.443382],[-121.403708,38.441631],[-121.402554,38.439498],[-121.403527,38.43918],[-121.402871,38.438169],[-121.405008,38.438087],[-121.406947,38.438027],[-121.409053,38.43801],[-121.411157,38.438002],[-121.414198,38.43797],[-121.419326,38.437978],[-121.422071,38.438001],[-121.424454,38.437994],[-121.428015,38.437965],[-121.432283,38.437967],[-121.436247,38.437995],[-121.436199,38.441461],[-121.44489,38.441493],[-121.445013,38.441499],[-121.444753,38.443734],[-121.444689,38.444303],[-121.444652,38.4487],[-121.444742,38.451258],[-121.444859,38.452107],[-121.445505,38.455131],[-121.447352,38.455173],[-121.447354,38.455287],[-121.448716,38.455318],[-121.448666,38.452402],[-121.454374,38.452412],[-121.452118,38.457298],[-121.446115,38.457305],[-121.446535,38.45963],[-121.451008,38.459701],[-121.450681,38.46041],[-121.457059,38.462189],[-121.457434,38.462001],[-121.460158,38.461457],[-121.460459,38.461319],[-121.460688,38.46335]]]},"properties":{"NAME":"Valley Hi / North Laguna"}},{"type":"Feature","geometry":{"type":"Polygon","coordinates":[[[-121.472883,38.560269],[-121.473512,38.558821],[-121.474341,38.558908],[-121.474869,38.558948],[-121.475263,38.558994],[-121.475926,38.559104],[-121.476928,38.559331],[-121.477483,38.559473],[-121.480011,38.560145],[-121.480354,38.560237],[-121.482327,38.560764],[-121.483674,38.561124],[-121.485885,38.561716],[-121.486332,38.561836],[-121.487339,38.562105],[-121.48767,38.562194],[-121.488331,38.56237],[-121.488331,38.562371],[-121.488055,38.563022],[-121.487873,38.563436],[-121.487851,38.563488],[-121.487662,38.563919],[-121.487572,38.564127],[-121.487393,38.564534],[-121.487372,38.564587],[-121.487328,38.564685],[-121.487284,38.564786],[-121.487186,38.565011],[-121.487096,38.565219],[-121.486918,38.565626],[-121.486894,38.565678],[-121.486708,38.56611],[-121.48664,38.566324],[-121.486461,38.566736],[-121.486437,38.566787],[-121.486251,38.567213],[-121.485738,38.568401],[-121.485738,38.568401],[-121.485066,38.568222],[-121.483743,38.56787],[-121.482397,38.567511],[-121.479734,38.566801],[-121.478387,38.566441],[-121.477046,38.566084],[-121.475728,38.565732],[-121.47507,38.565557],[-121.474395,38.565376],[-121.473055,38.565019],[-121.471719,38.564663],[-121.471187,38.564521],[-121.471061,38.564487],[-121.47106,38.564487],[-121.472134,38.562],[-121.472508,38.561132],[-121.472883,38.560269]]]},"properties":{"NAME":"Newton Booth"}},{"type":"Feature","geometry":{"type":"Polygon","coordinates":[[[-121.446741,38.54673],[-121.44667,38.546727],[-121.446598,38.546724],[-121.446527,38.54672],[-121.446455,38.546714],[-121.446383,38.546708],[-121.446313,38.546701],[-121.446221,38.546691],[-121.446128,38.546683],[-121.446036,38.546676],[-121.445943,38.54667],[-121.44585,38.546666],[-121.445756,38.546663],[-121.445663,38.546661],[-121.445456,38.54666],[-121.444536,38.546671],[-121.444025,38.546676],[-121.444014,38.546071],[-121.444007,38.545207],[-121.444001,38.544433],[-121.443992,38.54352],[-121.443991,38.543454],[-121.443984,38.542721],[-121.44398,38.542161],[-121.443975,38.541671],[-121.443971,38.541255],[-121.443964,38.540349],[-121.44396,38.540015],[-121.443956,38.53944],[-121.44545,38.539439],[-121.445606,38.539438],[-121.447422,38.539432],[-121.448695,38.539427],[-121.449656,38.539423],[-121.449726,38.539423],[-121.450021,38.539949],[-121.450232,38.540319],[-121.45054,38.540865],[-121.450752,38.541243],[-121.451063,38.541792],[-121.451159,38.541964],[-121.451587,38.542719],[-121.45166,38.542849],[-121.452105,38.543635],[-121.452148,38.543712],[-121.452394,38.544148],[-121.452612,38.544534],[-121.452708,38.544704],[-121.452869,38.544993],[-121.453013,38.545255],[-121.453077,38.545369],[-121.453369,38.545892],[-121.453414,38.545971],[-121.453853,38.546762],[-121.452731,38.546757],[-121.452596,38.546759],[-121.452399,38.546758],[-121.450206,38.546747],[-121.446778,38.54673],[-121.446741,38.54673]]]},"properties":{"NAME":"West Tahoe Park"}},{"type":"Feature","geometry":{"type":"Polygon","coordinates":[[[-121.372204,38.532459],[-121.372194,38.528888],[-121.371354,38.52889],[-121.370547,38.528891],[-121.370354,38.52889],[-121.370346,38.528301],[-121.370329,38.527057],[-121.370325,38.526716],[-121.370316,38.525947],[-121.370307,38.52525],[-121.37044,38.525247],[-121.370573,38.525245],[-121.373516,38.525229],[-121.374004,38.525227],[-121.375398,38.52523],[-121.37586,38.52523],[-121.375896,38.525231],[-121.384824,38.525202],[-121.385027,38.525202],[-121.385226,38.525201],[-121.385425,38.5252],[-121.385885,38.525199],[-121.388031,38.525192],[-121.388163,38.525192],[-121.390559,38.525184],[-121.390707,38.525184],[-121.390694,38.527606],[-121.390694,38.527823],[-121.390694,38.528021],[-121.390704,38.530297],[-121.390724,38.531184],[-121.390743,38.531919],[-121.390736,38.532499],[-121.390735,38.532578],[-121.390735,38.532592],[-121.390726,38.53832],[-121.390727,38.53866],[-121.39073,38.53897],[-121.390736,38.539283],[-121.390748,38.539668],[-121.390831,38.542271],[-121.390898,38.544402],[-121.389287,38.543941],[-121.389175,38.543909],[-121.389062,38.543877],[-121.388183,38.543629],[-121.386322,38.543103],[-121.385733,38.542936],[-121.375269,38.539977],[-121.37222,38.539115],[-121.372221,38.539013],[-121.372219,38.538051],[-121.372213,38.535965],[-121.372204,38.532459]]]},"properties":{"NAME":"New Brighton"}},{"type":"Feature","geometry":{"type":"Polygon","coordinates":[[[-121.402203,38.510568],[-121.402321,38.510567],[-121.402434,38.510566],[-121.402434,38.510566],[-121.402655,38.510566],[-121.402929,38.510566],[-121.402945,38.510566],[-121.406992,38.51056],[-121.407751,38.510558],[-121.409094,38.510556],[-121.409092,38.510786],[-121.409082,38.511816],[-121.409071,38.51273],[-121.409066,38.513289],[-121.409072,38.513635],[-121.409089,38.514565],[-121.409104,38.515304],[-121.409121,38.516161],[-121.409123,38.516279],[-121.409124,38.517072],[-121.409126,38.517922],[-121.409127,38.518912],[-121.409128,38.519548],[-121.409129,38.51971],[-121.409123,38.520515],[-121.409131,38.521318],[-121.409132,38.521682],[-121.409131,38.522131],[-121.409133,38.523039],[-121.409133,38.523156],[-121.409135,38.523966],[-121.409137,38.524455],[-121.409137,38.525014],[-121.409137,38.525069],[-121.409062,38.525069],[-121.407877,38.525076],[-121.407773,38.525077],[-121.407596,38.525078],[-121.402203,38.510568]]]},"properties":{"NAME":"Elder Creek"}},{"type":"Feature","geometry":{"type":"Polygon","coordinates":[[[-121.370405,38.510582],[-121.371665,38.508088],[-121.372055,38.508088],[-121.372037,38.507332],[-121.372073,38.507246],[-121.372139,38.507073],[-121.37217,38.506985],[-121.372198,38.506897],[-121.372248,38.50672],[-121.372291,38.506542],[-121.372326,38.506363],[-121.372352,38.506183],[-121.372371,38.506002],[-121.372377,38.505912],[-121.372384,38.505708],[-121.372405,38.503376],[-121.373051,38.503377],[-121.373777,38.503378],[-121.374212,38.503379],[-121.375496,38.503381],[-121.375494,38.50398],[-121.378942,38.503984],[-121.378941,38.503386],[-121.379081,38.503386],[-121.381303,38.503389],[-121.384823,38.503394],[-121.387074,38.503396],[-121.390463,38.503397],[-121.390564,38.503397],[-121.390564,38.503279],[-121.390566,38.50267],[-121.390571,38.501401],[-121.390568,38.500763],[-121.390569,38.500678],[-121.390725,38.500678],[-121.391657,38.500671],[-121.391802,38.50067],[-121.392203,38.500668],[-121.39287,38.500664],[-121.393532,38.50066],[-121.395227,38.500649],[-121.395232,38.500885],[-121.395239,38.501214],[-121.395242,38.501334],[-121.395245,38.501495],[-121.395251,38.501769],[-121.395256,38.50201],[-121.395257,38.502044],[-121.395262,38.502311],[-121.395268,38.502594],[-121.39527,38.502697],[-121.395284,38.503379],[-121.395398,38.503379],[-121.39555,38.503378],[-121.396233,38.503367],[-121.396576,38.503362],[-121.39658,38.503362],[-121.396929,38.503356],[-121.397282,38.503351],[-121.397529,38.503347],[-121.39808,38.503338],[-121.398415,38.503333],[-121.399354,38.5033],[-121.399663,38.503302],[-121.399759,38.503302],[-121.399891,38.503303],[-121.400196,38.503305],[-121.401993,38.50331],[-121.403425,38.503314],[-121.404258,38.503316],[-121.404318,38.503316],[-121.405133,38.503318],[-121.405508,38.503319],[-121.406056,38.503323],[-121.406474,38.503325],[-121.406597,38.503326],[-121.407039,38.503328],[-121.40721,38.503329],[-121.407368,38.50333],[-121.407426,38.50333],[-121.408947,38.503341],[-121.40905,38.503341],[-121.409053,38.503477],[-121.409055,38.503688],[-121.409056,38.504008],[-121.409057,38.504387],[-121.409061,38.505166],[-121.409061,38.505294],[-121.409063,38.505728],[-121.409066,38.506828],[-121.409066,38.50707],[-121.409067,38.507311],[-121.409067,38.507558],[-121.409068,38.507784],[-121.409071,38.50853],[-121.409073,38.509343],[-121.409075,38.509782],[-121.409094,38.510556],[-121.407751,38.510558],[-121.406992,38.51056],[-121.402945,38.510566],[-121.402929,38.510566],[-121.402655,38.510566],[-121.402434,38.510566],[-121.402434,38.510566],[-121.402321,38.510567],[-121.402203,38.510568],[-121.399038,38.510585],[-121.396495,38.510599],[-121.39054,38.510564],[-121.38601,38.510656],[-121.384745,38.510658],[-121.384672,38.510659],[-121.384231,38.510664],[-121.382524,38.510686],[-121.382457,38.510687],[-121.375548,38.510688],[-121.372071,38.510704],[-121.371683,38.510706],[-121.370348,38.510712],[-121.370405,38.510582]]]},"properties":{"NAME":"Morrison Creek"}},{"type":"Feature","geometry":{"type":"Polygon","coordinates":[[[-121.400714,38.532446],[-121.409181,38.532348],[-121.40918,38.532667],[-121.40918,38.532754],[-121.409178,38.533387],[-121.409174,38.534094],[-121.409172,38.534797],[-121.40917,38.535197],[-121.409169,38.535497],[-121.409168,38.535918],[-121.409165,38.536652],[-121.409162,38.537377],[-121.40916,38.537908],[-121.40916,38.538099],[-121.409158,38.538816],[-121.409153,38.539555],[-121.408989,38.539562],[-121.404319,38.53959],[-121.399991,38.539615],[-121.390748,38.539668],[-121.390736,38.539283],[-121.39073,38.53897],[-121.390727,38.53866],[-121.390726,38.53832],[-121.390735,38.532592],[-121.394259,38.532549],[-121.39996,38.532455],[-121.400714,38.532446]]]},"properties":{"NAME":"Belvedere"}},{"type":"Feature","geometry":{"type":"Polygon","coordinates":[[[-121.409062,38.525069],[-121.409137,38.525069],[-121.409136,38.525123],[-121.409153,38.527898],[-121.409159,38.528758],[-121.40916,38.52897],[-121.409163,38.529341],[-121.409172,38.530946],[-121.409177,38.531807],[-121.40918,38.532149],[-121.409181,38.532238],[-121.409182,38.532298],[-121.409181,38.532348],[-121.400714,38.532446],[-121.39996,38.532455],[-121.394259,38.532549],[-121.390735,38.532592],[-121.390735,38.532578],[-121.390736,38.532499],[-121.390743,38.531919],[-121.390724,38.531184],[-121.390704,38.530297],[-121.390694,38.528021],[-121.390694,38.527823],[-121.390694,38.527606],[-121.390707,38.525184],[-121.390777,38.525183],[-121.390847,38.525183],[-121.391267,38.52518],[-121.395823,38.525152],[-121.399027,38.525132],[-121.401556,38.525116],[-121.402343,38.525112],[-121.405877,38.525089],[-121.407596,38.525078],[-121.407773,38.525077],[-121.407877,38.525076],[-121.409062,38.525069]]]},"properties":{"NAME":"Power Ridge"}},{"type":"Feature","geometry":{"type":"Polygon","coordinates":[[[-121.409061,38.544813],[-121.409107,38.542186],[-121.409153,38.539555],[-121.409291,38.539548],[-121.411244,38.539562],[-121.413488,38.53957],[-121.419014,38.539613],[-121.419568,38.539613],[-121.419553,38.541016],[-121.419551,38.541042],[-121.419551,38.541057],[-121.419549,38.541072],[-121.419549,38.541087],[-121.419545,38.541102],[-121.419544,38.541117],[-121.419538,38.541147],[-121.419534,38.541162],[-121.419533,38.541177],[-121.419527,38.541191],[-121.419524,38.541206],[-121.419518,38.541221],[-121.419515,38.541235],[-121.419509,38.54125],[-121.419504,38.541264],[-121.419497,38.541279],[-121.419491,38.541293],[-121.419484,38.541307],[-121.419479,38.541321],[-121.419472,38.541335],[-121.419463,38.541349],[-121.419449,38.541377],[-121.41944,38.54139],[-121.419431,38.541404],[-121.419422,38.541417],[-121.419413,38.54143],[-121.419403,38.541443],[-121.419394,38.541456],[-121.419383,38.541469],[-121.419373,38.541482],[-121.419362,38.541494],[-121.41909,38.541808],[-121.419082,38.541819],[-121.419071,38.541831],[-121.419062,38.541843],[-121.419053,38.541855],[-121.419044,38.541867],[-121.419036,38.541879],[-121.419029,38.541891],[-121.41902,38.541903],[-121.419013,38.541916],[-121.419005,38.541928],[-121.418998,38.541941],[-121.418991,38.541954],[-121.418981,38.541975],[-121.418972,38.541993],[-121.418966,38.542006],[-121.418961,38.542019],[-121.418956,38.542032],[-121.418952,38.542045],[-121.418947,38.542059],[-121.418943,38.542072],[-121.41894,38.542086],[-121.418936,38.542099],[-121.418932,38.542113],[-121.418929,38.542127],[-121.418927,38.54214],[-121.418923,38.542154],[-121.418921,38.542168],[-121.41892,38.542181],[-121.418919,38.542195],[-121.418918,38.542209],[-121.418917,38.542223],[-121.418915,38.542248],[-121.418895,38.544606],[-121.421835,38.544615],[-121.42313,38.54462],[-121.423104,38.544689],[-121.423093,38.548664],[-121.423088,38.550529],[-121.421635,38.550905],[-121.418553,38.551655],[-121.418474,38.551636],[-121.418369,38.55161],[-121.418254,38.551581],[-121.417896,38.551492],[-121.417418,38.551372],[-121.417334,38.551352],[-121.417216,38.551326],[-121.413711,38.550577],[-121.413376,38.5505],[-121.413208,38.550458],[-121.412406,38.550251],[-121.40915,38.54941],[-121.409025,38.548341],[-121.409018,38.548293],[-121.409013,38.548246],[-121.40901,38.5482],[-121.409007,38.548153],[-121.409005,38.548106],[-121.409004,38.548059],[-121.409005,38.548012],[-121.409011,38.547645],[-121.409033,38.54639],[-121.409061,38.544813]]]},"properties":{"NAME":"Ramona Village"}},{"type":"Feature","geometry":{"type":"Polygon","coordinates":[[[-121.415327,38.559908],[-121.414403,38.559903],[-121.413602,38.560157],[-121.412725,38.560128],[-121.410012,38.560643],[-121.409871,38.560642],[-121.409293,38.560622],[-121.409276,38.560621],[-121.409282,38.560292],[-121.409285,38.560214],[-121.409288,38.559975],[-121.40929,38.559734],[-121.409295,38.559541],[-121.409298,38.559389],[-121.409312,38.559055],[-121.409334,38.558722],[-121.409363,38.558388],[-121.409394,38.558096],[-121.409399,38.558056],[-121.409449,38.557683],[-121.409462,38.557569],[-121.409468,38.557491],[-121.409474,38.557414],[-121.409476,38.557336],[-121.409479,38.557259],[-121.409478,38.557181],[-121.409477,38.557104],[-121.409474,38.557026],[-121.409466,38.556919],[-121.409437,38.556596],[-121.409419,38.55639],[-121.409378,38.555924],[-121.40937,38.555802],[-121.409371,38.555725],[-121.409375,38.555647],[-121.409383,38.555569],[-121.409394,38.555492],[-121.409407,38.555419],[-121.409411,38.555354],[-121.409398,38.554927],[-121.409391,38.554723],[-121.40939,38.554662],[-121.409365,38.553908],[-121.409362,38.553815],[-121.409355,38.553587],[-121.409353,38.553485],[-121.409343,38.55315],[-121.409328,38.552679],[-121.409312,38.552206],[-121.409289,38.551473],[-121.40926,38.550782],[-121.409219,38.550155],[-121.409163,38.54951],[-121.40915,38.54941],[-121.412406,38.550251],[-121.413208,38.550458],[-121.413376,38.5505],[-121.413711,38.550577],[-121.417216,38.551326],[-121.417334,38.551352],[-121.417418,38.551372],[-121.417896,38.551492],[-121.418254,38.551581],[-121.418369,38.55161],[-121.418474,38.551636],[-121.418553,38.551655],[-121.417482,38.551916],[-121.415389,38.55242],[-121.414141,38.552663],[-121.412719,38.552993],[-121.412736,38.553063],[-121.412754,38.553141],[-121.412768,38.553202],[-121.412873,38.553648],[-121.412996,38.554169],[-121.415285,38.554189],[-121.415416,38.55419],[-121.418453,38.554213],[-121.418468,38.554869],[-121.418551,38.558221],[-121.418578,38.55851],[-121.418674,38.558789],[-121.418831,38.55905],[-121.419048,38.559284],[-121.419656,38.559761],[-121.420036,38.560122],[-121.420268,38.560393],[-121.420414,38.560542],[-121.420586,38.560673],[-121.420779,38.560785],[-121.421234,38.560966],[-121.421451,38.561101],[-121.42163,38.561268],[-121.42176,38.561461],[-121.421799,38.561555],[-121.421342,38.561749],[-121.420429,38.562208],[-121.420087,38.562414],[-121.419742,38.562044],[-121.418979,38.561438],[-121.418263,38.560906],[-121.418029,38.560721],[-121.417671,38.560497],[-121.417312,38.560336],[-121.416516,38.560086],[-121.415984,38.560071],[-121.415327,38.559908]]]},"properties":{"NAME":"College Town"}},{"type":"Feature","geometry":{"type":"Polygon","coordinates":[[[-121.552136,38.68557],[-121.545499,38.685526],[-121.54243,38.685517],[-121.541803,38.685516],[-121.540889,38.685513],[-121.540621,38.685512],[-121.540334,38.685511],[-121.540143,38.685511],[-121.540088,38.685511],[-121.540086,38.685367],[-121.540089,38.684902],[-121.5401,38.679772],[-121.540088,38.674624],[-121.54012,38.670734],[-121.540123,38.669187],[-121.540848,38.669308],[-121.540848,38.669308],[-121.547344,38.67039],[-121.549979,38.670839],[-121.550103,38.671065],[-121.55074,38.671066],[-121.55232,38.671058],[-121.557893,38.671063],[-121.557896,38.671367],[-121.557905,38.672996],[-121.557904,38.674021],[-121.557907,38.675579],[-121.557912,38.677844],[-121.557913,38.678146],[-121.557914,38.678559],[-121.557919,38.680118],[-121.55792,38.68042],[-121.557938,38.682743],[-121.55796,38.685485],[-121.55796,38.685541],[-121.55796,38.685609],[-121.552136,38.68557]]]},"properties":{"NAME":"Greenbriar"}},{"type":"Feature","geometry":{"type":"Polygon","coordinates":[[[-121.518425,38.685287],[-121.512162,38.685156],[-121.508334,38.685183],[-121.507635,38.685184],[-121.507609,38.684197],[-121.507583,38.682546],[-121.507568,38.680868],[-121.507548,38.679194],[-121.507534,38.677474],[-121.507524,38.676976],[-121.507832,38.676976],[-121.510487,38.676987],[-121.510655,38.676987],[-121.510773,38.676993],[-121.510863,38.677004],[-121.510939,38.677017],[-121.511048,38.677039],[-121.511201,38.677069],[-121.51132,38.677092],[-121.511404,38.677107],[-121.511488,38.67712],[-121.51164,38.677136],[-121.511793,38.677145],[-121.511946,38.677146],[-121.512104,38.677146],[-121.512258,38.677142],[-121.512411,38.677133],[-121.512562,38.677118],[-121.512716,38.677098],[-121.512746,38.677093],[-121.51287,38.677073],[-121.513022,38.677049],[-121.513084,38.677287],[-121.513095,38.67733],[-121.513134,38.677376],[-121.513211,38.677466],[-121.513318,38.677631],[-121.513344,38.677669],[-121.513422,38.67779],[-121.513433,38.677807],[-121.513526,38.677948],[-121.513628,38.678105],[-121.513734,38.678266],[-121.513736,38.678268],[-121.513838,38.678425],[-121.513863,38.678463],[-121.513951,38.678595],[-121.51398,38.67864],[-121.514063,38.678766],[-121.514078,38.678789],[-121.514166,38.678923],[-121.514254,38.679058],[-121.514287,38.679107],[-121.514342,38.679192],[-121.514398,38.679278],[-121.51443,38.679327],[-121.51451,38.679449],[-121.51453,38.67948],[-121.514643,38.679653],[-121.514663,38.679684],[-121.514747,38.679812],[-121.514776,38.679857],[-121.514842,38.679959],[-121.514933,38.680098],[-121.515041,38.680263],[-121.515165,38.680454],[-121.515204,38.680513],[-121.515161,38.680604],[-121.515133,38.680665],[-121.515075,38.68079],[-121.515055,38.680833],[-121.515017,38.680983],[-121.51498,38.681131],[-121.514968,38.681177],[-121.514943,38.681279],[-121.514938,38.681374],[-121.514934,38.681436],[-121.514931,38.681571],[-121.514928,38.681699],[-121.514927,38.681769],[-121.514912,38.681882],[-121.51489,38.681887],[-121.514915,38.681953],[-121.514939,38.681963],[-121.515035,38.682218],[-121.515102,38.682203],[-121.515278,38.682162],[-121.51573,38.682055],[-121.515819,38.682036],[-121.515915,38.682015],[-121.516012,38.681996],[-121.515994,38.681801],[-121.515978,38.681629],[-121.515961,38.681455],[-121.51601,38.681284],[-121.516058,38.681116],[-121.516107,38.680946],[-121.516216,38.680794],[-121.516325,38.680643],[-121.516434,38.680491],[-121.516558,38.680347],[-121.516718,38.680226],[-121.516891,38.680118],[-121.517076,38.680023],[-121.517274,38.679945],[-121.51749,38.679886],[-121.517694,38.679806],[-121.517897,38.679726],[-121.518009,38.679683],[-121.518101,38.679647],[-121.518325,38.679566],[-121.518511,38.679498],[-121.51855,38.679476],[-121.518753,38.679361],[-121.518857,38.679301],[-121.518951,38.679239],[-121.519018,38.679195],[-121.519144,38.679111],[-121.519176,38.67909],[-121.5193,38.678967],[-121.519307,38.67896],[-121.51942,38.678847],[-121.519461,38.678804],[-121.519608,38.678648],[-121.519611,38.678645],[-121.519756,38.678491],[-121.519812,38.678522],[-121.519994,38.678621],[-121.520003,38.678627],[-121.520181,38.678724],[-121.520218,38.678745],[-121.520255,38.678766],[-121.520378,38.678836],[-121.520385,38.67884],[-121.52042,38.678859],[-121.520512,38.678908],[-121.520579,38.678944],[-121.520581,38.678944],[-121.520743,38.679028],[-121.520749,38.679031],[-121.520786,38.679045],[-121.521005,38.679128],[-121.521069,38.679153],[-121.521212,38.679207],[-121.521348,38.679259],[-121.521417,38.679285],[-121.521581,38.679348],[-121.521622,38.679364],[-121.521786,38.679426],[-121.521827,38.679442],[-121.521991,38.679504],[-121.522031,38.67952],[-121.522195,38.679582],[-121.522236,38.679598],[-121.5224,38.67966],[-121.522441,38.679676],[-121.522605,38.679739],[-121.522645,38.679754],[-121.52281,38.679817],[-121.52285,38.679832],[-121.523014,38.679895],[-121.523055,38.67991],[-121.523219,38.679973],[-121.523261,38.679989],[-121.523422,38.68005],[-121.52348,38.680071],[-121.523626,38.680124],[-121.523704,38.680147],[-121.523833,38.680186],[-121.523935,38.680209],[-121.524045,38.680235],[-121.524169,38.680257],[-121.524263,38.680274],[-121.524408,38.680297],[-121.524486,38.68031],[-121.524647,38.680333],[-121.524702,38.680341],[-121.524719,38.680342],[-121.52489,38.680351],[-121.524926,38.680353],[-121.525146,38.680361],[-121.525191,38.680362],[-121.525315,38.680354],[-121.52532,38.680396],[-121.525444,38.680388],[-121.525486,38.68039],[-121.525587,38.680394],[-121.52567,38.680398],[-121.525745,38.680401],[-121.52585,38.680405],[-121.525903,38.680408],[-121.526029,38.680413],[-121.526056,38.680414],[-121.52606,38.680414],[-121.52621,38.680417],[-121.526218,38.680417],[-121.526375,38.680417],[-121.52639,38.680417],[-121.526533,38.680417],[-121.526568,38.680417],[-121.526691,38.680417],[-121.526743,38.680417],[-121.526848,38.680416],[-121.526918,38.680416],[-121.527006,38.680416],[-121.527093,38.680416],[-121.527228,38.680416],[-121.527269,38.680416],[-121.527444,38.680416],[-121.527619,38.680416],[-121.527619,38.680444],[-121.527619,38.680482],[-121.52762,38.680595],[-121.52762,38.680746],[-121.52762,38.680796],[-121.52762,38.680911],[-121.52762,38.680954],[-121.52762,38.68107],[-121.52762,38.681161],[-121.52762,38.681194],[-121.52762,38.681315],[-121.52762,38.681323],[-121.52762,38.681447],[-121.52762,38.681534],[-121.52762,38.68157],[-121.52762,38.681694],[-121.52762,38.681739],[-121.52762,38.681831],[-121.52762,38.68189],[-121.52762,38.681955],[-121.52762,38.682041],[-121.52762,38.682092],[-121.527621,38.682192],[-121.527621,38.682298],[-121.527621,38.682343],[-121.527621,38.682494],[-121.527621,38.682549],[-121.527621,38.682645],[-121.527621,38.682769],[-121.527621,38.682788],[-121.527621,38.682947],[-121.527621,38.682995],[-121.527621,38.683098],[-121.527621,38.683118],[-121.527621,38.683249],[-121.527621,38.683365],[-121.527621,38.6834],[-121.527621,38.683489],[-121.527621,38.683551],[-121.527621,38.683612],[-121.527622,38.683725],[-121.527622,38.683736],[-121.527622,38.68386],[-121.527622,38.683932],[-121.527622,38.684107],[-121.527622,38.684259],[-121.527622,38.684467],[-121.527622,38.684618],[-121.527623,38.685301],[-121.527609,38.685366],[-121.523728,38.685344],[-121.522072,38.685331],[-121.519684,38.685302],[-121.518425,38.685287]]]},"properties":{"NAME":"Heritage Park"}},{"type":"Feature","geometry":{"type":"Polygon","coordinates":[[[-121.527609,38.685366],[-121.527623,38.685301],[-121.527622,38.684618],[-121.527622,38.684467],[-121.527622,38.684259],[-121.527622,38.684107],[-121.527622,38.683932],[-121.527622,38.68386],[-121.527622,38.683736],[-121.527622,38.683725],[-121.527621,38.683612],[-121.527621,38.683551],[-121.527621,38.683489],[-121.527621,38.6834],[-121.527621,38.683365],[-121.527621,38.683249],[-121.527621,38.683118],[-121.527621,38.683098],[-121.527621,38.682995],[-121.527621,38.682947],[-121.527621,38.682788],[-121.527621,38.682769],[-121.527621,38.682645],[-121.527621,38.682549],[-121.527621,38.682494],[-121.527621,38.682343],[-121.527621,38.682298],[-121.527621,38.682192],[-121.52762,38.682092],[-121.52762,38.682041],[-121.52762,38.681955],[-121.52762,38.68189],[-121.52762,38.681831],[-121.52762,38.681739],[-121.52762,38.681694],[-121.52762,38.68157],[-121.52762,38.681534],[-121.52762,38.681447],[-121.52762,38.681323],[-121.52762,38.681315],[-121.52762,38.681194],[-121.52762,38.681161],[-121.52762,38.68107],[-121.52762,38.680954],[-121.52762,38.680911],[-121.52762,38.680796],[-121.52762,38.680746],[-121.52762,38.680595],[-121.527619,38.680482],[-121.527619,38.680444],[-121.527619,38.680416],[-121.527619,38.680293],[-121.527619,38.680123],[-121.527268,38.680124],[-121.527269,38.679896],[-121.527261,38.679889],[-121.527255,38.679881],[-121.527251,38.679873],[-121.527249,38.679864],[-121.527248,38.679855],[-121.527248,38.679737],[-121.527248,38.679599],[-121.527248,38.679462],[-121.527248,38.679325],[-121.527248,38.679188],[-121.527248,38.67905],[-121.527248,38.678913],[-121.527248,38.678776],[-121.527249,38.678638],[-121.527249,38.678501],[-121.527249,38.678364],[-121.527249,38.678227],[-121.527249,38.67809],[-121.527249,38.677947],[-121.527249,38.677815],[-121.527248,38.677678],[-121.527244,38.677632],[-121.527234,38.677586],[-121.527221,38.677541],[-121.527202,38.677494],[-121.527178,38.677448],[-121.527149,38.677404],[-121.527106,38.677349],[-121.527055,38.677298],[-121.527048,38.677291],[-121.527043,38.677283],[-121.527039,38.677275],[-121.527037,38.677266],[-121.527037,38.677257],[-121.527038,38.677247],[-121.527041,38.677238],[-121.527047,38.67723],[-121.527054,38.677222],[-121.527071,38.677206],[-121.527107,38.677168],[-121.527139,38.677129],[-121.527169,38.677085],[-121.527195,38.677039],[-121.527216,38.676992],[-121.527231,38.676947],[-121.527242,38.676901],[-121.527248,38.676854],[-121.52725,38.676812],[-121.52725,38.676717],[-121.52725,38.67658],[-121.52725,38.676568],[-121.527246,38.676505],[-121.527234,38.676443],[-121.52722,38.676399],[-121.527202,38.676356],[-121.527177,38.676307],[-121.527146,38.67626],[-121.52711,38.676215],[-121.527069,38.676172],[-121.52705,38.676155],[-121.526882,38.675988],[-121.526806,38.676037],[-121.526693,38.676107],[-121.526574,38.676172],[-121.526452,38.676231],[-121.526325,38.676286],[-121.526195,38.676335],[-121.526062,38.676379],[-121.525926,38.676417],[-121.525788,38.67645],[-121.525647,38.676476],[-121.525505,38.676497],[-121.525494,38.676497],[-121.525483,38.676497],[-121.525472,38.676494],[-121.525461,38.676491],[-121.525452,38.676486],[-121.525443,38.67648],[-121.525436,38.676473],[-121.525431,38.676466],[-121.525427,38.676457],[-121.525425,38.676448],[-121.525395,38.676236],[-121.525379,38.676143],[-121.525356,38.67605],[-121.525326,38.675958],[-121.52529,38.675868],[-121.525232,38.675747],[-121.524696,38.674709],[-121.524662,38.674644],[-121.524659,38.674635],[-121.524557,38.674438],[-121.524552,38.67443],[-121.524497,38.674323],[-121.524431,38.674196],[-121.524365,38.674069],[-121.5243,38.673941],[-121.524234,38.673814],[-121.524168,38.673687],[-121.524103,38.67356],[-121.524052,38.673461],[-121.524036,38.67343],[-121.523966,38.673306],[-121.523891,38.673182],[-121.523825,38.673073],[-121.523821,38.673064],[-121.523719,38.672859],[-121.523714,38.67285],[-121.523704,38.672822],[-121.523684,38.672768],[-121.523682,38.672762],[-121.523641,38.672663],[-121.52413,38.672548],[-121.524596,38.672407],[-121.524721,38.672358],[-121.524944,38.672249],[-121.525833,38.671825],[-121.527162,38.671249],[-121.528369,38.670731],[-121.528941,38.670622],[-121.529073,38.670602],[-121.529722,38.670548],[-121.529836,38.670543],[-121.530496,38.670537],[-121.530753,38.671867],[-121.53075,38.672359],[-121.530663,38.672753],[-121.530563,38.673015],[-121.530436,38.673277],[-121.530168,38.67368],[-121.529971,38.673964],[-121.529831,38.674051],[-121.530008,38.67424],[-121.530312,38.674565],[-121.530506,38.674899],[-121.530636,38.675173],[-121.530726,38.675447],[-121.530952,38.676022],[-121.531117,38.676455],[-121.531233,38.676811],[-121.53137,38.677162],[-121.531748,38.678088],[-121.531842,38.678477],[-121.531896,38.678821],[-121.531753,38.679477],[-121.531672,38.680079],[-121.531639,38.680784],[-121.531618,38.682422],[-121.531608,38.682794],[-121.531557,38.684794],[-121.531548,38.68538],[-121.529457,38.685377],[-121.527609,38.685366]]]},"properties":{"NAME":"Village 7"}},{"type":"Feature","geometry":{"type":"Polygon","coordinates":[[[-121.493413,38.670722],[-121.493394,38.669007],[-121.49338,38.667734],[-121.493373,38.667204],[-121.493352,38.665367],[-121.493346,38.664865],[-121.493341,38.664405],[-121.493324,38.662908],[-121.493319,38.662447],[-121.493292,38.660154],[-121.49329,38.659918],[-121.493288,38.659734],[-121.493262,38.657483],[-121.49326,38.65729],[-121.49325,38.656469],[-121.493249,38.656373],[-121.493243,38.656336],[-121.493288,38.656335],[-121.493549,38.656351],[-121.495174,38.656318],[-121.500506,38.656253],[-121.500869,38.656254],[-121.503289,38.656237],[-121.504845,38.656203],[-121.50571,38.656166],[-121.50654,38.656116],[-121.507094,38.656078],[-121.507176,38.656136],[-121.507265,38.659516],[-121.507304,38.660367],[-121.507346,38.664111],[-121.507363,38.665156],[-121.508009,38.665318],[-121.508607,38.665458],[-121.509062,38.665545],[-121.509518,38.665607],[-121.510201,38.665618],[-121.511167,38.665622],[-121.51211,38.665635],[-121.512978,38.665647],[-121.513465,38.665725],[-121.514559,38.665951],[-121.515502,38.666151],[-121.515978,38.666255],[-121.516704,38.666317],[-121.517258,38.666337],[-121.517616,38.666304],[-121.518137,38.666255],[-121.518626,38.666155],[-121.519299,38.666047],[-121.519919,38.665948],[-121.52033,38.665941],[-121.520807,38.66596],[-121.52136,38.666039],[-121.522531,38.666214],[-121.523007,38.666318],[-121.524014,38.666453],[-121.524417,38.666464],[-121.524256,38.666963],[-121.524109,38.667496],[-121.524059,38.667918],[-121.524024,38.66839],[-121.524036,38.669011],[-121.524048,38.66947],[-121.524061,38.669992],[-121.524089,38.670514],[-121.524135,38.670861],[-121.524165,38.671085],[-121.524276,38.671461],[-121.524086,38.67149],[-121.523919,38.671515],[-121.523885,38.67152],[-121.523751,38.67154],[-121.523664,38.671566],[-121.523591,38.671588],[-121.523468,38.671625],[-121.523432,38.671636],[-121.523253,38.67169],[-121.523246,38.671691],[-121.523252,38.671705],[-121.52328,38.671766],[-121.523285,38.671775],[-121.523378,38.671986],[-121.523389,38.67201],[-121.523409,38.672056],[-121.523453,38.672168],[-121.523581,38.67252],[-121.523586,38.67253],[-121.523641,38.672663],[-121.523682,38.672762],[-121.523684,38.672768],[-121.523704,38.672822],[-121.523714,38.67285],[-121.523719,38.672859],[-121.523821,38.673064],[-121.523825,38.673073],[-121.523891,38.673182],[-121.523966,38.673306],[-121.524036,38.67343],[-121.524052,38.673461],[-121.524103,38.67356],[-121.524168,38.673687],[-121.524234,38.673814],[-121.5243,38.673941],[-121.524365,38.674069],[-121.524431,38.674196],[-121.524497,38.674323],[-121.524552,38.67443],[-121.524557,38.674438],[-121.524659,38.674635],[-121.524662,38.674644],[-121.524696,38.674709],[-121.525232,38.675747],[-121.52529,38.675868],[-121.525326,38.675958],[-121.525356,38.67605],[-121.525379,38.676143],[-121.525395,38.676236],[-121.525425,38.676448],[-121.525427,38.676457],[-121.525431,38.676466],[-121.525436,38.676473],[-121.525443,38.67648],[-121.525452,38.676486],[-121.525461,38.676491],[-121.525472,38.676494],[-121.525483,38.676497],[-121.525494,38.676497],[-121.525505,38.676497],[-121.525647,38.676476],[-121.525788,38.67645],[-121.525926,38.676417],[-121.526062,38.676379],[-121.526195,38.676335],[-121.526325,38.676286],[-121.526452,38.676231],[-121.526574,38.676172],[-121.526693,38.676107],[-121.526806,38.676037],[-121.526882,38.675988],[-121.52705,38.676155],[-121.527069,38.676172],[-121.52711,38.676215],[-121.527146,38.67626],[-121.527177,38.676307],[-121.527202,38.676356],[-121.52722,38.676399],[-121.527234,38.676443],[-121.527246,38.676505],[-121.52725,38.676568],[-121.52725,38.67658],[-121.52725,38.676717],[-121.52725,38.676812],[-121.527248,38.676854],[-121.527242,38.676901],[-121.527231,38.676947],[-121.527216,38.676992],[-121.527195,38.677039],[-121.527169,38.677085],[-121.527139,38.677129],[-121.527107,38.677168],[-121.527071,38.677206],[-121.527054,38.677222],[-121.527047,38.67723],[-121.527041,38.677238],[-121.527038,38.677247],[-121.527037,38.677257],[-121.527037,38.677266],[-121.527039,38.677275],[-121.527043,38.677283],[-121.527048,38.677291],[-121.527055,38.677298],[-121.527106,38.677349],[-121.527149,38.677404],[-121.527178,38.677448],[-121.527202,38.677494],[-121.527221,38.677541],[-121.527234,38.677586],[-121.527244,38.677632],[-121.527248,38.677678],[-121.527249,38.677815],[-121.527249,38.677947],[-121.527249,38.67809],[-121.527249,38.678227],[-121.527249,38.678364],[-121.527249,38.678501],[-121.527249,38.678638],[-121.527248,38.678776],[-121.527248,38.678913],[-121.527248,38.67905],[-121.527248,38.679188],[-121.527248,38.679325],[-121.527248,38.679462],[-121.527248,38.679599],[-121.527248,38.679737],[-121.527248,38.679855],[-121.527249,38.679864],[-121.527251,38.679873],[-121.527255,38.679881],[-121.527261,38.679889],[-121.527269,38.679896],[-121.527268,38.680124],[-121.527619,38.680123],[-121.527619,38.680293],[-121.527619,38.680416],[-121.527444,38.680416],[-121.527269,38.680416],[-121.527228,38.680416],[-121.527093,38.680416],[-121.527006,38.680416],[-121.526918,38.680416],[-121.526848,38.680416],[-121.526743,38.680417],[-121.526691,38.680417],[-121.526568,38.680417],[-121.526533,38.680417],[-121.52639,38.680417],[-121.526375,38.680417],[-121.526218,38.680417],[-121.52621,38.680417],[-121.52606,38.680414],[-121.526056,38.680414],[-121.526029,38.680413],[-121.525903,38.680408],[-121.52585,38.680405],[-121.525745,38.680401],[-121.52567,38.680398],[-121.525587,38.680394],[-121.525486,38.68039],[-121.525444,38.680388],[-121.52532,38.680396],[-121.525315,38.680354],[-121.525191,38.680362],[-121.525146,38.680361],[-121.524926,38.680353],[-121.52489,38.680351],[-121.524719,38.680342],[-121.524702,38.680341],[-121.524647,38.680333],[-121.524486,38.68031],[-121.524408,38.680297],[-121.524263,38.680274],[-121.524169,38.680257],[-121.524045,38.680235],[-121.523935,38.680209],[-121.523833,38.680186],[-121.523704,38.680147],[-121.523626,38.680124],[-121.52348,38.680071],[-121.523422,38.68005],[-121.523261,38.679989],[-121.523219,38.679973],[-121.523055,38.67991],[-121.523014,38.679895],[-121.52285,38.679832],[-121.52281,38.679817],[-121.522645,38.679754],[-121.522605,38.679739],[-121.522441,38.679676],[-121.5224,38.67966],[-121.522236,38.679598],[-121.522195,38.679582],[-121.522031,38.67952],[-121.521991,38.679504],[-121.521827,38.679442],[-121.521786,38.679426],[-121.521622,38.679364],[-121.521581,38.679348],[-121.521417,38.679285],[-121.521348,38.679259],[-121.521212,38.679207],[-121.521069,38.679153],[-121.521005,38.679128],[-121.520786,38.679045],[-121.520749,38.679031],[-121.520743,38.679028],[-121.520581,38.678944],[-121.520579,38.678944],[-121.520512,38.678908],[-121.52042,38.678859],[-121.520385,38.67884],[-121.520378,38.678836],[-121.520255,38.678766],[-121.520218,38.678745],[-121.520181,38.678724],[-121.520003,38.678627],[-121.519994,38.678621],[-121.519812,38.678522],[-121.519756,38.678491],[-121.519611,38.678645],[-121.519608,38.678648],[-121.519461,38.678804],[-121.51942,38.678847],[-121.519307,38.67896],[-121.5193,38.678967],[-121.519176,38.67909],[-121.519144,38.679111],[-121.519018,38.679195],[-121.518951,38.679239],[-121.518857,38.679301],[-121.518753,38.679361],[-121.51855,38.679476],[-121.518511,38.679498],[-121.518325,38.679566],[-121.518101,38.679647],[-121.518009,38.679683],[-121.517897,38.679726],[-121.517694,38.679806],[-121.51749,38.679886],[-121.517274,38.679945],[-121.517076,38.680023],[-121.516891,38.680118],[-121.516718,38.680226],[-121.516558,38.680347],[-121.516434,38.680491],[-121.516325,38.680643],[-121.516216,38.680794],[-121.516107,38.680946],[-121.516058,38.681116],[-121.51601,38.681284],[-121.515961,38.681455],[-121.515978,38.681629],[-121.515994,38.681801],[-121.516012,38.681996],[-121.515915,38.682015],[-121.515819,38.682036],[-121.51573,38.682055],[-121.515278,38.682162],[-121.515102,38.682203],[-121.515035,38.682218],[-121.514939,38.681963],[-121.514915,38.681953],[-121.51489,38.681887],[-121.514912,38.681882],[-121.514927,38.681769],[-121.514928,38.681699],[-121.514931,38.681571],[-121.514934,38.681436],[-121.514938,38.681374],[-121.514943,38.681279],[-121.514968,38.681177],[-121.51498,38.681131],[-121.515017,38.680983],[-121.515055,38.680833],[-121.515075,38.68079],[-121.515133,38.680665],[-121.515161,38.680604],[-121.515204,38.680513],[-121.515165,38.680454],[-121.515041,38.680263],[-121.514933,38.680098],[-121.514842,38.679959],[-121.514776,38.679857],[-121.514747,38.679812],[-121.514663,38.679684],[-121.514643,38.679653],[-121.51453,38.67948],[-121.51451,38.679449],[-121.51443,38.679327],[-121.514398,38.679278],[-121.514342,38.679192],[-121.514287,38.679107],[-121.514254,38.679058],[-121.514166,38.678923],[-121.514078,38.678789],[-121.514063,38.678766],[-121.51398,38.67864],[-121.513951,38.678595],[-121.513863,38.678463],[-121.513838,38.678425],[-121.513736,38.678268],[-121.513734,38.678266],[-121.513628,38.678105],[-121.513526,38.677948],[-121.513433,38.677807],[-121.513422,38.67779],[-121.513344,38.677669],[-121.513318,38.677631],[-121.513211,38.677466],[-121.513134,38.677376],[-121.513095,38.67733],[-121.513084,38.677287],[-121.513022,38.677049],[-121.51287,38.677073],[-121.512746,38.677093],[-121.512716,38.677098],[-121.512562,38.677118],[-121.512411,38.677133],[-121.512258,38.677142],[-121.512104,38.677146],[-121.511946,38.677146],[-121.511793,38.677145],[-121.51164,38.677136],[-121.511488,38.67712],[-121.511404,38.677107],[-121.51132,38.677092],[-121.511201,38.677069],[-121.511048,38.677039],[-121.510939,38.677017],[-121.510863,38.677004],[-121.510773,38.676993],[-121.510655,38.676987],[-121.510487,38.676987],[-121.507832,38.676976],[-121.507524,38.676976],[-121.507502,38.675809],[-121.507487,38.674122],[-121.507472,38.672448],[-121.507425,38.670803],[-121.506097,38.6708],[-121.505405,38.670802],[-121.50472,38.670799],[-121.504146,38.670798],[-121.496929,38.670743],[-121.493413,38.670722]]]},"properties":{"NAME":"Natomas Park"}}]}